paper,metric,metric_type,value,lo,hi,rationale,scale_min,scale_max
Aghion et al. 2017,overall,percentile,88.0,80.0,94.0,"Strong, clear theory linking AI-as-automation with Baumol constraints and idea production; sharp conditions for balanced growth vs. singularities; thoughtful firm-level implications and sectoral facts. Limits: automation largely exogenous, empirical evidence descriptive, few testable quantitative predictions. Still a high-quality agenda-setting contribution.",0,100
Aghion et al. 2017,claims_evidence,percentile,78.0,68.0,86.0,"Main claims are framed as questions and model-based propositions. Evidence relies on transparent derivations, simulations, and descriptive sectoral data; causal identification is not attempted. Characterization of what follows from assumptions is careful; empirical section is modest and appropriately cautious.",0,100
Aghion et al. 2017,methods,percentile,82.0,72.0,90.0,"Uses task-based CES/neoclassical growth and a Schumpeterian appendix. Assumptions (e.g., ρ<0, exogenous automation paths) are explicit; robustness discussed via alternative regimes/cases. Sound derivations and intuition. Weaknesses: little endogenization or estimation; simulations lack calibration/validation.",0,100
Aghion et al. 2017,advancing_knowledge,percentile,90.0,82.0,96.0,"Integrates automation with structural change and idea production, clarifies when AI could raise growth or yield singularities, and highlights constraints. Provides a coherent framework and agenda that many can build on. High conceptual and synthesizing value despite limited empirical testing.",0,100
Aghion et al. 2017,logic_communication,percentile,90.0,84.0,96.0,"Goals and assumptions are explicit; reasoning is transparent; math consistent; figures clear. Addresses objections (bottlenecks, search limits, creative destruction). Conclusions match evidence and derivations. Minor reliance on stylized paths, but argument remains coherent and well signposted.",0,100
Aghion et al. 2017,open_science,percentile,55.0,40.0,70.0,"Models and equations are fully spelled out and data sources cited (e.g., KLEMS, IFR). However, no replication package or code for simulations/figures; datasets not bundled; limited computational details. Replicability is moderate in principle but would require independent reimplementation.",0,100
Aghion et al. 2017,global_relevance,percentile,75.0,62.0,85.0,"Highly relevant to productivity, inequality, and technology policy. Provides qualitative guidance on market structure, organization, and growth constraints. Lacks quantified policy counterfactuals or cost-benefit estimates, so immediate operational use is limited, but framing is valuable to practitioners.",0,100
Aghion et al. 2017,tier_should,tier,4.2,3.7,4.7,"As a rigorous agenda-setting theory paper with clear insights and synthesis, it merits a top field or marginal A-journal. Methods are strong for conceptual work; limited empirics likely preclude the very top general journals but justify high-tier placement.",0,5
Aghion et al. 2017,tier_will,tier,4.0,3.3,4.5,"Likely outcome is strong field or marginal A placement, given quality, clarity, and timeliness. The largely theoretical nature and descriptive empirics may steer it from top general journals, but visibility and coherence support publication in an upper-tier outlet.",0,5
