ISSN,Journal ,Subject area [Range highest to lowest],JourQual ,FT   ,Cnrs ,EJL ,ABS ,Den ,Hceres ,Scopus ,ABDC ,Fnege ,Meta 
,,,2015,2016,2020,2020,2021,2021,2021,CiteSc ,2022,2022,2023
,,, A+-D,1=Y,  1*-4,P*-S,4*-1,02-Jan,   A-C,2021,A*-C,1*-4, A+-B
0001-3072,Abacus,F&A,B,,3,P,3,2,A,4.0,A,2,B
1941-6520,Academy of Management Annals,Gen & Strat,A,,2,,4*,2,A,24-Jul,A*,1,A
2168-1007,Academy of Management Discoveries,Gen & Strat,,,,,3,1,,,A,4,
0001-4273,Academy of Management Journal,Gen & Strat,A+,1,1,P*,4*,2,A,14-Feb,A*,1*,A+
1537-260X,Academy of Management Learning and Education,Education,B,,2,,4*,2,A,7.0,A*,1,A
1558-9080,Academy of Management Perspectives,Gen & Strat,B,,,S,4,2,A,07-Jul,A,2,A
0363-7425,Academy of Management Review,Gen & Strat,A+,1,1*,P*,4*,2,A,12-Jul,A*,1*,A+
1526-1794,Academy of Marketing Science Review,Marketing,B,,,,2,1,,,,,
0001-4788,Accounting and Business Research,F&A,B,,3,S,3,1,B,04-May,A,3,B
0810-5391,Accounting and Finance,F&A,C,,3,S,2,1,B,03-Mar,A,3,B
0963-9284,Accounting Education,Education,C,,,,2,1,,03-Mar,A,,
0155-9982,Accounting Forum,F&A,C,,4,,3,1,C,04-Jun,B,4,
0148-4184,Accounting Historians Journal,F&A,C,,3,,2,1,B,01-Mar,B,4,
1032-3732,Accounting History,F&A,C,,3,,2,1,B,2.0,A,3,
2155-2851,Accounting History Review,Bus Hist,B,,2,,2,1,A,01-May,B,3,
0888-7993,Accounting Horizons,F&A,B,,3,S,3,2,A,02-Sep,A,2,B
1744-9480,Accounting in Europe,F&A,C,,,,2,1,C,02-Feb,A,3,
1030-9616,Accounting Research Journal,F&A,C,,,,2,1,,01-May,B,,
0001-4826,Accounting Review,F&A,A+,1,1,P*,4*,2,A,06-Jul,A*,1*,A+
0951-3574,"Accounting, Auditing and Accountability Journal",F&A,B,,2,S,3,1,A,6.0,A*,2,
0361-3682,"Accounting, Organizations and Society",F&A,A,1,1,P*,4*,2,A,06-Jun,A*,1*,A
0360-0300,ACM Computing Surveys,"MIS, KM",B,,,,,2,,22-Mar,,,
1073-0516,ACM Transactions on Computer-Human Interaction,"MIS, KM",B,,4,,,2,B,08-Aug,A*,3,B
0362-5915,ACM Transactions on Database Systems,"MIS, KM",B,,,,,2,,09-Feb,,,
1046-8188,ACM Transactions on Information Systems,"MIS, KM",B,,,S,,2,,08-Mar,C,,B
0098-3500,ACM Transactions on Mathematical Software,"MIS, KM",,,,,,2,,03-Jul,,,
1049-3301,ACM Transactions on Modeling and Computer Simulation,"MIS, KM",,,,,3,1,,4.0,B,,
1049-331X,ACM Transactions on Software Engineering and Methodol,"oMIS, KM",,,,,,2,,05-Apr,,,
0095-3997,Administration and Society,PSM,C,,2,S,2,2,A,04-May,B,3,B
0001-8392,Administrative Science Quarterly,Gen & Strat,A+,1,1*,P*,4*,2,A,15-Mar,A*,1*,A+
0882-6110,Advances in Accounting,F&A,C,,4,,2,1,B,02-Mar,A,3,
1475-1488,Advances in Accounting Behavioral Research,F&A,,,,,2,1,,0.8,A,,
0001-8678,Advances in Applied Probability,"OR,MS,POM",,,,,,2,,01-Jun,A,,
0098-9258,Advances in Consumer Research,Marketing,C,,,,2,,,,B,,
1474-7979,Advances in International Marketing,Marketing,C,,,,1,1,,,C,,
1474-7871,Advances in Management Accounting,F&A,,,,,2,,,2.0,A,,
0742-3322,Advances in Strategic Management,Gen & Strat,C,,3,,2,1,B,01-Apr,C,3,
1468-2621,African Affairs,IB,,,,,3,2,,03-Sep,,,
0169-5150,Agricultural Economics,Economics,,,2,,2,1,A,,A,,
1944-3900,AIS Transactions on Human-Computer Interaction,"MIS, KM",,,,,2,1,,,A,,
0002-7642,American Behavioral Scientist,"OS/OB,HRM/IR",,,3,,1,1,B,03-Feb,B,,
0002-7766,American Business Law Journal,Economics,,,,,,1,,01-Jan,A,,
1945-7782,American Economic Journal: Applied Economics,Economics,,,1,,4,2,A,11-Jun,A*,1,
1945-7731,American Economic Journal: Economic Policy,Economics,,,1,,3,2,A,09-Mar,A*,1,
1945-7707,American Economic Journal: Macroeconomics,Economics,,,1,,4,2,A,07-May,A*,1,
1945-7669,American Economic Journal: Microeconomics,Economics,,,1,,3,2,A,03-Jun,A*,1,
0002-8282,American Economic Review,Economics,A+,1,1*,,4*,3,A,12-Jan,A*,1*,A+
2640-205X,American Economic Review: Insights,Economics,,,,,3,,,,A*,,
0002-9092,American Journal of Agricultural Economics,Economics,,,1,,3,1,A,05-May,A*,,
0002-9246,American Journal of Economics and Sociology,Economics,,,,,2,1,,0.8,B,,
1098-2140,American Journal of Evaluation,PSM,,,,,,2,,03-Jan,C,,
0092-5853,American Journal of Political Science,Sociology,,,,,,2,,08-Feb,A*,,
0002-9556,American Journal of Psychology,Psychology,,,,,1,1,,01-Jul,B,,
0090-0036,American Journal of Public Health,Economics,B,,,,,2,,06-Sep,A*,,
0002-9602,American Journal of Sociology,Sociology,,,,,4*,2,,06-Sep,A*,1,
0003-0554,American Political Science Review,PSM,,,,,,2,,07-Mar,A*,,
0003-066X,American Psychologist,Psychology,B,,,,,1,,06-Sep,A*,,
,,,,,,,,,,,,,
ISSN,Journal ,Subject area [Range highest to lowest],JourQual ,FT   ,Cnrs ,EJL ,ABS ,Den ,Hceres ,Scopus ,ABDC ,Fnege ,Meta 
,,,2015,2016,2020,2020,2021,2021,2021,CiteSc ,2022,2022,2023
,,, A+-D,1=Y,  1*-4,P*-S,4*-1,02-Jan,   A-C,2021,A*-C,1*-4, A+-B
0275-0740,American Review of Public Administration,PSM,C,,,,3,2,B,04-Mar,B,3,B
0003-1224,American Sociological Review,Sociology,,,,,4*,2,,11-Aug,A*,1,
0003-1305,American Statistician,"OR,MS,POM",,,,,,1,,05-Aug,B,,
1748-4995,Annals of Actuarial Science,F&A,,,,,1,1,,0.9,A,,
1050-5164,Annals of Applied Probability,"MIS, KM",,,,,,2,,03-Feb,A,,
0254-5330,Annals of Operations Research,"OR,MS,POM",B,,2,S,3,1,A,05-Feb,A,2,B
0091-1798,Annals of Probability,"OR,MS,POM",,,,,,2,,04-Mar,A*,,
1370-4788,Annals of Public and Cooperative Economics,Economics,,,,,2,1,C,02-Sep,B,4,
0570-1864,Annals of Regional Science,Economics,,,2,,2,1,A,03-Feb,B,4,
0090-5364,Annals of Statistics,"OR,MS,POM",,,,,4*,2,,05-Aug,A*,,A
0004-5608,Annals of the Association of American Geographers,Sociology,,,,,,2,,,,,
0160-7383,Annals of Tourism Research,Tourism,,,3,S,4,2,A,7.0,A*,2,
1941-1383,Annual Review of Economics,Economics,,,2,,3,1,A,05-May,B,,
1941-1367,Annual Review of Financial Economics,Economics,,,,,3,1,,4.0,B,,
2327-0616,Annual Review of Organizational Psychology and Organiza,"Psych, OS/OB",,,,,,,C,22-Mar,A*,4,
0066-4308,Annual Review of Psychology,Psychology,,,,,4,2,,36.7,A*,,
0360-0572,Annual Review of Sociology,Sociology,,,,,4*,2,,10-Apr,A*,2,
0066-4812,Antipode,Sociology,,,,,3,2,,05-Sep,,,
0003-6846,Applied Economics,Economics,B,,2,,2,1,A,02-Mar,A,3,
1350-4851,Applied Economics Letters,Economics,,,4,,1,1,C,01-Apr,B,,
0003-6870,Applied Ergonomics,"OS/OB,HRM/IR",,,,,3,1,,07-Jan,,,
0960-3107,Applied Financial Economics,Economics,C,,4,S,2,1,C,,B,4,
1350-486X,Applied Mathematical Finance,F&A,C,,,,2,1,C,01-Mar,B,4,
0146-6216,Applied Psychological Measurement,Psychology,,,,,2,1,,02-Sep,B,,
0269-994X,Applied Psychology,Psychology,B,,3,S,3,1,B,05-Mar,A,2,B
0004-3702,Artificial Intelligence,"MIS, KM",B,,,,,2,,08-Mar,,,
1360-2381,Asia Pacific Business Review,IB,C,,3,,2,1,B,02-Jul,B,4,
1038-4111,Asia Pacific Journal of Human Resources,"OS/OB,HRM/IR",,,4,,2,1,C,04-Apr,B,4,
0217-4561,Asia Pacific Journal of Management,IB,C,,4,S,3,2,B,05-Apr,A,3,B
1355-5855,Asia Pacific Journal of Marketing and Logistics,Marketing,,,,,1,1,,04-May,A,,
1094-1665 ,Asia Pacific Journal of Tourism Research,Tourism,,,,,1,1,,04-Apr,A,,
1608-1625,Asia-Pacific Journal of Accounting and Economics,F&A,C,,,,2,1,,01-Apr,B,4,
0218-5377,Asian Journal of Political Science,PSM,,,,,,1,,01-Feb,B,,
0515-0361,Astin Bulletin,F&A,A,,3,,2,2,B,02-Jan,A,3,B
0197-4254,Atlantic Economic Journal,Economics,,,,,1,1,,0.7,C,,
0278-0380,Auditing,F&A,B,,2,P,3,2,A,04-Jan,A*,2,A
1449-8618,Australasian Journal of Information Systems,"MIS, KM",C,,,,1,,,,A,,
1441-3582,Australasian Marketing Journal,Marketing,D,,,,1,1,,03-Sep,A,,
1035-6908,Australian Accounting Review,F&A,C,,,,2,1,,03-May,B,4,
0311-6336,Australian Bulletin of Labour,"OS/OB,HRM/IR",,,,,1,,,,B,,
0004-8992,Australian Economic History Review,Bus Hist,,,3,,2,1,B,0.9,B,,
0004-900X,Australian Economic Papers,Economics,,,4,,1,1,C,01-Mar,B,,
0004-9018,Australian Economic Review,Economics,,,4,,1,1,C,01-Feb,B,,
1364-985X,Australian Journal of Agricultural and Resource Economics,Economics,,,3,,2,1,B,02-Sep,A,,
1030-7222,Australian Journal of Labour Law,"OS/OB,HRM/IR",,,,,,,,,A,,
0312-8962,Australian Journal of Management,Gen & Strat,C,,,,2,1,,02-Jul,A,4,
0004-9530,Australian Journal of Psychology,Psychology,,,,,1,1,,02-Sep,B,,
0313-6647,Australian Journal of Public Administration,PSM,C,,,,2,1,,02-Apr,A,,
1555-0494,B.E. Journal of Economic Analysis and Policy,Economics,,,3,,2,1,B,0.9,,,
1935-1690,B.E. Journal of Macroeconomics,Economics,,,2,,2,1,A,0.9,A,,
1935-1704,B.E. Journal of Theoretical Economics,Economics,,,3,,2,1,B,0.5,A,,
0197-3533,Basic and Applied Social Psychology,Psychology,,,,,1,1,,02-Sep,B,,
1469-1825,Behavioral and Brain Sciences,Psychology,,,,,4,2,,03-May,,,
1050-4753,Behavioral Research in Accounting,F&A,B,,3,S,3,2,B,02-Jul,A,3,B
0144-929X,Behaviour and Information Technology,"MIS, KM",,,,,2,2,,04-May,A,,B
1463-5771,Benchmarking,"OR,MS,POM",C,,,,1,1,,5.0,B,,
0340-5370,Betriebswirtschaftliche Forschung und Praxis,Gen & Strat,C,,,,,1,,0.1,C,,
,,,,,,,,,,,,,
ISSN,Journal ,Subject area [Range highest to lowest],JourQual ,FT   ,Cnrs ,EJL ,ABS ,Den ,Hceres ,Scopus ,ABDC ,Fnege ,Meta 
,,,2015,2016,2020,2020,2021,2021,2021,CiteSc ,2022,2022,2023
,,, A+-D,1=Y,  1*-4,P*-S,4*-1,02-Jan,   A-C,2021,A*-C,1*-4, A+-B
0006-3444,Biometrika,"OR,MS,POM",,,,,4,2,,03-Jan,A*,,A
0890-8389,British Accounting Review,F&A,C,,3,S,3,1,B,7.0,A*,3,B
0141-1926,British Educational Research Journal,Education,,,,,3,2,,03-Mar,,,
0007-0998,British Journal of Educational Psychology,Education,,,,,,1,,04-Sep,,,
0007-1013,British Journal of Educational Technology,Education,,,,,2,2,,07-Jun,A,,
0007-1080,British Journal of Industrial Relations,"OS/OB,HRM/IR",B,,2,P,4,2,A,03-Aug,A*,2,A
1045-3172,British Journal of Management,Gen & Strat,B,,2,S,4,2,A,06-Aug,A,1,B
0007-1234,British Journal of Political Science,PSM,,,,,,2,,06-Sep,A,,
0007-1269,British Journal of Psychology,Psychology,,,,,3,1,,06-Apr,A,,
0144-6665,British Journal of Social Psychology,Psychology,,,,,3,1,,05-Jan,A,,
0045-3102,British Journal of Social Work,PSM,,,,,,2,,3.0,,,
0007-1315,British Journal of Sociology,Sociology,,,,,3,2,,04-Jun,A,3,
0007-2303,Brookings Papers on Economic Activity,Economics,,,1,,3,1,A,15-Jun,A,2,
0307-3378,Bulletin of Economic Research,Economics,,,3,,2,1,B,1.0,B,,
0007-4918,Bulletin of Indonesian Economic Studies,Economics,,,,,1,1,,03-Apr,B,,
0007-6503,Business and Society,Gen & Strat,B,,2,S,3,2,A,11.0,A,2,B
0962-8770,Business Ethics,"OS/OB,HRM/IR",C,,4,S,2,1,B,05-Sep,B,3,
1052-150X,Business Ethics Quarterly,"OS/OB,HRM/IR",B,,2,,4,1,A,04-Jun,A,2,B
0007-6791,Business History,Bus Hist,,,2,P,4,2,A,2.0,A,2,
0007-6805,Business History Review,Bus Hist,,,3,S,4,2,B,01-Apr,A,3,
0007-6813,Business Horizons,Gen & Strat,C,,,,2,1,B,11-Mar,B,3,
1463-7154,Business Process Management Journal,"OR,MS,POM",C,,3,,2,1,B,04-Aug,B,4,
0964-4733,Business Strategy and the Environment,Gen & Strat,B,,4,,3,1,B,10-Mar,A,3,B
0955-6419,Business Strategy Review,Gen & Strat,C,,,,1,,,,B,,
0008-1256,California Management Review,Gen & Strat,B,,2,M*,3,2,A,08-Jun,A,2,B
0309-166X,Cambridge Journal of Economics,Economics,,,2,,3,2,A,03-May,A,3,
0825-0383,Canadian Journal of Administrative Sciences,Multidisciplinary,,,,,2,1,B,02-Jan,B,3,
0008-4085,Canadian Journal of Economics,Economics,C,,2,,3,1,A,01-Jun,A,,
0309-8168,Capital and Class,Sociology,,,,,2,1,B,2.0,B,,
1362-0436,Career Development International,"OS/OB,HRM/IR",,,,,2,1,C,04-Feb,B,4,
0889-4019,Career Development Quarterly,"OS/OB,HRM/IR",,,,,2,2,,3.0,,4,
1029-807X ,China Accounting and Finance Review,F&A,,,,,,,,,A,,
1043-951X,China Economic Review,Economics,,,2,,2,1,A,04-Jun,A,,
0305-7410,China Quarterly,Economics,,,,,2,2,,03-Aug,A,,
1873-7838,Cognition,Psychology,,,,,4,2,,05-May,,,
0010-0285,Cognitive Psychology,Psychology,,,,,,2,,05-Jul,A,,
1551-6709,Cognitive Science,Psychology,,,,,3,2,,04-Aug,,,
0363-7751,Communication Monographs,Comm,,,,,,2,,07-Jul,A,,
0093-6502,Communication Research,Comm,,,,S,,2,,09-Apr,A,,
1050-3293,Communication Theory,Comm,,,,,,2,,04-Jun,A,,
0001-0782,Communications of the ACM,"MIS, KM",B,,,P,2,2,,11-Mar,A,,B
1529-3181,Communications of the Association for Information Systems,"MIS, KM",C,,4,,2,2,C,03-Mar,A,4,B
0010-4159,Comparative Politics,Sociology,,,,,,2,,2.0,A,,
1024-5294,Competition and Change,Sociology,,,3,,2,1,B,03-May,B,3,
1262-2788,Comptabilité - Contrôle - Audit,F&A,,,2,,,,A,,B,2,
0010-4620,Computer Journal,"MIS, KM",,,,,2,2,,02-Jun,C,,
0360-8352,Computers and Industrial Engineering,"OR,MS,POM",B,,3,S,2,1,B,07-Sep,A,3,
0305-0548,Computers and Operations Research,"OR,MS,POM",B,,2,P,3,1,A,08-Feb,A,,B
0747-5632,Computers in Human Behavior,"MIS, KM",,,,,2,1,,13-Aug,A,,B
0823-9150,Contemporary Accounting Research,F&A,A,1,2,P*,4,2,A,04-Mar,A*,1,A
1074-3529,Contemporary Economic Policy,Economics,,,,,2,1,,01-Sep,B,,
0094-3061,Contemporary Sociology,Sociology,,,,,,1,,02-Jan,C,,
0277-5921,Contributions to Political Economy,Economics,,,,,2,1,C,0.4,B,,
0964-8410,Corporate Governance: An International Review,IB,C,,3,S,3,1,B,03-Jul,A,3,B
1472-0701,Corporate Governance: The International Journal of Busin,Gen & Strat,C,,,,2,1,,,C,,
1363-3589,Corporate Reputation Review,"OS/OB,HRM/IR",D,,,S,1,1,,01-Jul,C,,
0963-1690,Creativity and Innovation Management,Innovation,C,,3,,2,2,B,05-Feb,C,3,B
,,,,,,,,,,,,,
ISSN,Journal ,Subject area [Range highest to lowest],JourQual ,FT   ,Cnrs ,EJL ,ABS ,Den ,Hceres ,Scopus ,ABDC ,Fnege ,Meta 
,,,2015,2016,2020,2020,2021,2021,2021,CiteSc ,2022,2022,2023
,,, A+-D,1=Y,  1*-4,P*-S,4*-1,02-Jan,   A-C,2021,A*-C,1*-4, A+-B
1740-5904,Critical Discourse Studies,Comm,,,,,,2,,03-Feb,B,,
2164-5744,Critical Finance Review,F&A,,,,,1,1,,2.00,A*,,B
1045-2354,Critical Perspectives on Accounting,F&A,B,,2,,3,1,A,06-Jun,A,2,B
1742-2043,Critical Perspectives on International Business,IB,,,4,,2,1,C,02-May,B,4,
1529-5036,Critical Studies in Media Communication,Comm,,,,,,1,,2.0,C,,
2059-5794,Cross Cultural and Strategic Management,"OS/OB,HRM/IR",C,,3,,2,1,B,03-Aug,B,4,
1475-9551,Culture and Organization,Sociology,D,,4,,2,1,C,02-Jan,B,4,
1467-8721,Current Directions in Psychological Science,Psychology,,,,,4,1,,9.0,,,
1368-3500,Current Issues in Tourism,Tourism,,,,,2,1,B,08-Jun,A,3,
0169-023X,Data and Knowledge Engineering,"MIS, KM",B,,,,,2,,04-Jul,A,,
0011-7315,Decision Sciences,"OR,MS,POM",B,,2,P,3,2,A,04-Feb,A*,2,A
0167-9236,Decision Support Systems,"MIS, KM",B,,2,P,3,2,A,10-May,A*,2,A
0070-3370,Demography,Economics,,,1,,,2,A,05-Jan,A,,
0012-1533,Developing Economies,Economics,,,,,,1,,01-Mar,B,,
0012-155X,Development and Change,Sociology,,,2,S,3,2,A,03-Aug,B,3,
0957-9265,Discourse and Society,Comm,,,,,,2,,02-Jun,A,,
0921-8009,Ecological Economics,Economics,B,,1,,3,1,A,09-Jan,A,2,B
0747-4938,Econometric Reviews,Economics,,,2,,3,1,A,02-Apr,A,3,
0266-4666,Econometric Theory,Economics,,,1,,4,2,A,02-May,A*,1,
0012-9682,Econometrica,Economics,A+,,1*,,4*,3,A,07-Sep,A*,1*,A+
1368-4221,Econometrics Journal,Economics,,1,2,,3,2,A,04-Mar,A,3,
0143-831X,Economic and Industrial Democracy,Economics,,,3,,3,1,B,03-Apr,A,3,
1573-9414,Economic Change and Restructuring,Economics,,,4,,1,1,C,03-Jan,B,,
0013-0079,Economic Development and Cultural Change,Sociology,,,1,,3,1,A,02-May,A,,
0891-2424,Economic Development Quarterly,PSM,,,2,,,1,A,02-Apr,B,,
0013-0095,Economic Geography,Economics,,,1,,4,2,A,10-Feb,A,1,
0013-0117,Economic History Review,Economics,,,1,,4,2,A,02-Mar,A,,
0095-2583,Economic Inquiry,Economics,,,2,,3,1,A,02-Mar,A,3,
1363-7029,Economic Issues,Economics,,,,,1,1,,,B,,
0013-0133,Economic Journal,Economics,A,,1,,4,2,A,05-Sep,A*,1,
0264-9993,Economic Modelling,Economics,,,2,,2,1,A,4.0,A,3,
0266-4658,Economic Policy,Economics,,,2,,3,1,A,10-Sep,A,,
0013-0249,Economic Record,Economics,,,3,,2,1,B,01-Mar,A,,
0938-2259,Economic Theory,Economics,,,1,,3,1,A,2.0,A*,,
0013-0427,Economica,Economics,,,2,,3,1,A,02-Sep,A,3,
0266-2671,Economics and Philosophy,Economics,,,2,,2,1,A,01-Feb,A,,
0954-1985,Economics and Politics,Economics,,,3,,2,1,B,02-May,A,,
0165-1765,Economics Letters,Economics,B,,3,,3,1,B,02-Jul,A,3,B
0272-7757,Economics of Education Review,Education,,,2,,2,2,A,03-Feb,A,,
1043-8599,Economics of Innovation and New Technology,Entrep,B,,3,,2,1,B,03-May,B,4,
0967-0750,Economics of Transition,Economics,,,2,S,2,1,A,,A,,
0308-5147,Economy and Society,Economics,,,2,,3,2,A,02-Sep,A,3,
1557-3060,Education Finance and Policy,Education/Econ,,,,,,1,,04-Apr,A,,
0013-1644,Educational and Psychological Measurement,Education,,,,,,2,,03-Aug,A,,
0013-1881,Educational Research,Education,,,,,,2,,02-Sep,,,
1389-5753,Electronic Commerce Research,"MIS, KM",C,,,,2,1,,05-Mar,A,4,
1567-4223,Electronic Commerce Research and Applications,"MIS, KM",C,,4,S,2,2,B,07-Apr,C,4,B
1019-6781,Electronic Markets,"MIS, KM",B,,3,,2,1,B,07-Apr,A,3,B
1566-0141,Emerging Markets Review,F&A,,,3,,2,1,B,05-Mar,A,3,B
0340-8744,Empirica,Economics,,,,,1,1,,01-Aug,C,,
0377-7332,Empirical Economics,Economics,,,4,,2,1,C,2.0,A,,
0142-5455,Employee Relations,"OS/OB,HRM/IR",B,,4,,2,1,B,02-Aug,B,3,
0140-9883,Energy Economics,Economics,B,,2,,3,2,A,10.0,A*,,A
0195-6574,Energy Journal,Economics,,,1,,3,1,A,04-Apr,A,2,
0301-4215,Energy Policy,Economics,B,,2,,2,2,A,10-Feb,A,2,B
1467-2227,Enterprise and Society,Bus Hist,,,3,S,3,2,B,0.9,A,3,
0898-5626,Entrepreneurship and Regional Development,Entrep,B,,,S,3,2,A,05-Aug,A,2,B
,,,,,,,,,,,,,
ISSN,Journal ,Subject area [Range highest to lowest],JourQual ,FT   ,Cnrs ,EJL ,ABS ,Den ,Hceres ,Scopus ,ABDC ,Fnege ,Meta 
,,,2015,2016,2020,2020,2021,2021,2021,CiteSc ,2022,2022,2023
,,, A+-D,1=Y,  1*-4,P*-S,4*-1,02-Jan,   A-C,2021,A*-C,1*-4, A+-B
1042-2587,Entrepreneurship Theory and Practice,Entrep,A,1,1,P,4,2,A,17-Jul,A*,1,A
0308-518X,Environment and Planning A,PSM,,,2,,3,2,A,05-Jun,A*,2,B
0265-8135,Environment and Planning B: Planning and Design,PSM,,,,,,2,,,A*,,
0263-774X,Environment and Planning C: Government and Policy,PSM,,,,,3,2,,n/a,B,,
0263-7758,Environment and Planning D: Society and Space,PSM,,,,,4,2,,06-Mar,A,4,B
0924-6460,Environmental and Resource Economics,Economics,,,2,,3,1,A,04-Feb,A,2,
0966-8136,Europe-Asia Studies,IB,,,3,,2,2,B,2.0,C,4,
0963-8180,European Accounting Review,F&A,A,,2,P,3,2,A,03-Jul,A*,2,B
0955-534X,European Business Review,Gen & Strat,,,3,,2,1,B,05-Mar,B,3,B
0014-2921,European Economic Review,Economics,B,,1,,3,2,A,3.0,A*,2,
1354-7798,European Financial Management,F&A,B,,3,S,3,1,B,02-Mar,A,3,B
0267-3231,European Journal of Communication,Comm,,,,,,2,,05-Aug,B,,
1351-847X,European Journal of Finance,F&A,B,,4,S,3,1,B,02-Mar,A,3,B
1618-7598,European Journal of Health Economics,Economics,B,,2,,2,1,A,04-Mar,A,,B
0959-6801,European Journal of Industrial Relations,"OS/OB,HRM/IR",C,,3,S,3,2,B,02-May,A,3,B
0960-085X,European Journal of Information Systems,"MIS, KM",A,,1,P,4,2,A,07-Jul,A*,1,A
1460-1060,European Journal of Innovation Management,Innovation,C,,4,,1,1,C,05-Jul,C,4,
1751-6757,European Journal of International Management,IB,B,,4,,2,1,C,03-Jul,C,4,
0309-0566,European Journal of Marketing,Marketing,C,,3,S,3,2,B,04-Jul,A*,2,B
0377-2217,European Journal of Operational Research,"OR,MS,POM",A,,1,P,4,1,A,09-May,A*,1,A
0890-2070,European Journal of Personality,Psychology,,,,,,2,,06-May,A,,
0176-2680,European Journal of Political Economy,Economics,,,2,,2,1,A,03-Apr,A,3,
0304-4130,European Journal of Political Research,Sociology,,,,,,2,,06-Apr,A,,
0046-2772,European Journal of Social Psychology,Psychology,,,,,3,2,,04-Apr,A,,
0003-9756,European Journal of Sociology,Sociology,,,,,,2,,,A,,
0967-2567,European Journal of the History of Economic Thought,Economics,,,1,,2,1,A,01-Jan,B,3,
2046-9012,European Journal of Training and Development,"OS/OB,HRM/IR",,,,,1,,,02-Aug,C,,
1359-432X,European Journal of Work and Organizational Psychology,"OS/OB,HRM/IR",B,,4,S,3,1,B,05-Jul,A,3,B
0263-2373,European Management Journal,Gen & Strat,B,,3,S,2,1,B,06-Apr,B,3,B
1740-4754,European Management Review,Gen & Strat,B,,3,S,3,1,A,02-Aug,C,2,B
0965-4313,European Planning Studies,PSM,,,,,2,1,,04-Jun,,4,
0165-1587,European Review of Agricultural Economics,Economics,,,2,,3,1,A,04-Mar,A,,
1361-4916,European Review of Economic History,Economics,,,2,,3,1,A,01-Jun,A,,
1356-3890,Evaluation,PSM,,,3,,2,2,B,3.0,B,3,
0193-841X,Evaluation Review,PSM,,,,,,1,,03-Jan,A,,
1386-4157,Experimental Economics,Economics,A,,1,,3,2,A,03-May,A*,,A
0266-4720,Expert Systems,"MIS, KM",,,,,2,1,,03-Apr,,,
0957-4174,Expert Systems with Applications,"MIS, KM",,,3,,1,2,B,12-Jul,C,3,B
0014-4983,Explorations in Economic History,Economics,,,2,,3,1,A,02-Sep,A,,
0894-4865,Family Business Review,"OS/OB,HRM/IR",B,,2,S,3,1,A,09-Jul,A,2,B
0752-6180,Finance,F&A,,,2,,1,,A,0.1,C,2,
0949-2984,Finance and Stochastics,F&A,B,,3,S,3,2,A,03-Jun,A,2,B
1544-6123,Finance Research Letters,F&A,B,,3,,2,1,B,05-Mar,A,3,B
0267-4424,Financial Accountability and Management,F&A,C,,3,S,3,2,B,02-Aug,A,3,B
0015-198X,Financial Analysts Journal,F&A,B,,,S,3,2,A,03-Mar,A,2,B
0046-3892,Financial Management,F&A,B,,2,P,3,2,A,02-Sep,A,2,B
1934-4554,Financial Markets and Portfolio Management,F&A,C,,,,2,1,C,0.8,B,4,
0963-8008,"Financial Markets, Institutions and Instruments",F&A,C,,3,,3,1,B,0.9,B,3,
0732-8516,Financial Review,F&A,B/C,,4,S,3,1,B,01-Jan,A,3,B
0015-2218,FinanzArchiv,Economics,B,,4,,1,1,C,0.6,B,,
0143-5671,Fiscal Studies,F&A,C,,3,,2,1,B,02-Apr,B,,
1936-6582,Flexible Services and Manufacturing Journal,"OR,MS,POM",B,,3,,1,1,B,04-Aug,C,4,
0950-3293,Food Quality and Preference,Marketing,,,,,,2,,08-Apr,A,,
0016-3287,Futures,Innovation,,,,,2,1,B,05-May,B,3,
0899-8256,Games and Economic Behavior,Economics,,,1,,3,2,A,02-Feb,A*,,
0891-2432,Gender and Society,PSM,,,,,3,2,,5.0,A*,3,B
1754-2413,Gender in management,Gen & Strat,,,,,1,1,,02-May,C,,
,,,,,,,,,,,,,
ISSN,Journal ,Subject area [Range highest to lowest],JourQual ,FT   ,Cnrs ,EJL ,ABS ,Den ,Hceres ,Scopus ,ABDC ,Fnege ,Meta 
,,,2015,2016,2020,2020,2021,2021,2021,CiteSc ,2022,2022,2023
,,, A+-D,1=Y,  1*-4,P*-S,4*-1,02-Jan,   A-C,2021,A*-C,1*-4, A+-B
0968-6673,"Gender, Work and Organization","OS/OB,HRM/IR",B,,3,,3,2,B,03-Mar,A,2,B
1018-5895,Geneva Papers on Risk and Insurance: Issues and Practic,eEconomics,B,,3,,2,1,B,2.0,B,3,
1554-964X,Geneva Risk and Insurance Review,F&A,C,,2,,2,1,B,01-Jul,B,3,
1465-6485,German Economic Review,Economics,B,,3,,2,1,B,01-Jul,B,4,
2397-0022,German Journal of HRM,HRM/IR,C,,,,2,1,,,B,,
1044-0283,Global Finance Journal,F&A,C,,,,2,1,C,03-Mar,A,4,
2042-5791,Global Strategy Journal,Gen & Strat,B,,3,P,4,2,B,07-Feb,A,2,B
0952-1895,Governance,PSM,A,,3,,4,2,B,05-Jan,,3,B
1059-6011,Group and Organization Management,"OS/OB,HRM/IR",B,,3,S,3,2,A,05-Jan,A,2,B
0926-2644,Group Decision and Negotiation,Gen & Strat,B,,3,S,2,1,B,04-Jan,A,3,B
1089-2699,Group Dynamics,Gen & Strat,,,3,,2,1,B,2.0,B,3,
0017-4815,Growth and Change,Sociology,,,3,,2,1,B,02-Feb,B,4,
0017-8012,Harvard Business Review,Gen & Strat,C,1,,M*,3,1,A,02-Aug,A,2,B
0966-0410,Health and Social Care in the Community,PSM,,,,,2,1,,03-May,,,
1386-9620,Health Care Management Science,"MIS, KM",A,,4,S,2,1,B,04-Jun,B,3,
1057-9230,Health Economics (United Kingdom),Economics,A,,1,,3,2,A,04-Jun,A*,,B
0168-8510,Health Policy,Economics,B,,2,,2,2,A,04-Mar,A,2,B
0957-4824,Health Promotion International,Marketing,,,,,,1,,03-May,A,,
0951-4848,Health Services Management Research,PSM,C,,4,,1,1,C,02-May,C,4,
0018-1560,Higher Education,Education,C,,,,2,2,,06-Mar,,,
0951-5224,Higher Education Quarterly,PSM,,,,,2,1,,03-Apr,C,,
0018-2702,History of Political Economy,Economics,,,1,,2,2,A,01-May,A,,
0360-3989,Human Communication Research,Comm,,,,,,2,,07-Apr,A,,
1547-8181,Human Factors,"OS/OB,HRM/IR",,,,,3,1,,06-Feb,,,
0018-7259,Human Organization,"OS/OB,HRM/IR",,,,,2,2,,01-Mar,,,
0895-9285,Human Performance,"OS/OB,HRM/IR",B,,,,3,1,B,02-May,A,3,B
0018-7267,Human Relations,"OS/OB,HRM/IR",B,1,2,P,4,2,A,07-Jan,A*,1,A
1044-8004,Human Resource Development Quarterly,"OS/OB,HRM/IR",,,,,2,1,,04-Jul,B,4,
0090-4848,Human Resource Management,"OS/OB,HRM/IR",B,1,2,P,4,2,A,07-Apr,A*,1,A
0954-5395,Human Resource Management Journal,"OS/OB,HRM/IR",B,,3,S,4*,2,A,07-Aug,A,2,B
1053-4822,Human Resource Management Review,"OS/OB,HRM/IR",B,,3,P,3,2,A,11.0,A,2,B
0199-8986,Human Resource Planning,"OS/OB,HRM/IR",,,,,1,,,,,,
0737-0024,Human-Computer Interaction,"MIS, KM",C,,,,1,2,,08-Sep,A,,B
0018-8670,IBM Systems Journal,"MIS, KM",C,,,,,,,,A,,
1541-1672,IEEE Intelligent Systems,"MIS, KM",,,,,,2,,9.0,,,
0018-9286,IEEE Transactions on Automatic Control,"MIS, KM",,,,,,2,,12-Sep,,,
1558-0040,IEEE Transactions on Engineering Management,"OR,MS,POM",B,,3,P,3,1,A,04-Mar,A,2,B
1524-9050,IEEE Transactions on Intelligent Transportation Systems,"OR,MS,POM",,,,S,,2,,13-May,A,,B
1041-4347,IEEE Transactions on Knowledge and Data Engineering,"MIS, KM",,,,P,,2,A,13-Mar,,2,
0098-5589,IEEE Transactions on Software Engineering,"MIS, KM",B,,,,,2,A,14-Sep,,2,
0740-817X,IIE Transactions (Institute of Industrial Engineers),"MIS, KM",A,,,P,3,1,,,A,,B
0019-7939,ILR Review,"OS/OB,HRM/IR",A/B,,2,,3,2,A,05-Jun,A*,2,A
2041-4161,IMF Economic Review,Economics,,,3,,3,1,,03-Mar,A,,
0960-6491,Industrial and Corporate Change,Economics,B,,1,P,3,2,A,04-Feb,A,2,B
0263-5577,Industrial Management and Data Systems,"OR,MS,POM",C,,3,,2,1,B,07-Jan,A,3,B
0019-8501,Industrial Marketing Management,Marketing,B,,2,S,3,2,A,08-Aug,A*,2,A
0019-8676,Industrial Relations,"OS/OB,HRM/IR",,,1,P,4,2,A,02-Sep,A*,1,A
0019-8692,Industrial Relations Journal,"OS/OB,HRM/IR",,,,,3,1,,0.5,A,,B
1366-2716,Industry and Innovation,Innovation,B,,3,S,3,2,B,05-Sep,B,3,B
0378-7206,Information and Management,"MIS, KM",B,,2,P,3,2,A,12-Mar,A*,2,A
1471-7727,Information and Organization,F&A,B,,2,,3,2,A,09-Jul,A*,2,A
0950-5849,Information and Software Technology,"MIS, KM",,,,,,2,,08-Jun,A,,
0167-6245,Information Economics and Policy,Economics,,,2,,2,1,A,03-Jun,A,,
0306-4573,Information Processing and Management,"MIS, KM",,,,S,2,2,,08-Jun,B,,B
0020-0190,Information Processing Letters,"MIS, KM",,,,,,2,,02-Mar,C,,
1040-1628,Information Resources Management Journal,"MIS, KM",D,,,,1,1,,01-Jun,C,,
0197-2243,Information Society,"MIS, KM",,,,,3,2,,04-Aug,A,,B
,,,,,,,,,,,,,
ISSN,Journal ,Subject area [Range highest to lowest],JourQual ,FT   ,Cnrs ,EJL ,ABS ,Den ,Hceres ,Scopus ,ABDC ,Fnege ,Meta 
,,,2015,2016,2020,2020,2021,2021,2021,CiteSc ,2022,2022,2023
,,, A+-D,1=Y,  1*-4,P*-S,4*-1,02-Jan,   A-C,2021,A*-C,1*-4, A+-B
0306-4379,Information Systems,"MIS, KM",B,,,,,2,,07-Mar,,,
1387-3326,Information Systems Frontiers,"MIS, KM",B,,,,3,1,B,08-May,A,3,B
1350-1917,Information Systems Journal,"MIS, KM",A,,2,S,4,2,A,12-Mar,A*,1,A
1058-0530,Information Systems Management,"MIS, KM",C,,,,2,2,,03-Apr,B,,
1047-7047,Information Systems Research,"MIS, KM",A+,1,1,P*,4*,2,A,07-Mar,A*,1*,A+
1385-951X,Information Technology and Management,"MIS, KM",C,,,,1,1,,04-Mar,B,4,
0959-3845,Information Technology and People,"MIS, KM",,,3,,3,2,B,04-Apr,A,3,B
0167-6687,Insurance: Mathematics and Economics,"MIS, KM",B,,3,,3,2,B,02-Jul,A*,3,B
0092-2102,Interfaces,"OR,MS,POM",B,,,P,2,1,,01-Jun,B,3,
1091-9856,Interfaces (formerly INFORMS Journal on Computing),"OR,MS,POM",A,,,,n/a,2,,n/a,B,,
0969-5931,International Business Review,IB,B,,2,S,3,2,A,08-Sep,A,2,B
0020-6598,International Economic Review,Economics,B,,1,,4,2,A,02-Jun,A*,1,
0020-7063,International Journal of Accounting,F&A,B,,3,,3,1,B,03-Apr,A,3,B
1094-4060,International Journal of Accounting Information Systems,F&A,C,,,,2,1,,06-Apr,A,4,B
0265-0487,International Journal of Advertising,Marketing,C,,3,,2,2,B,06-Feb,A,3,B
1090-6738,International Journal of Auditing,F&A,B,,3,,2,1,B,02-Jul,A,3,
0265-2323,International Journal of Bank Marketing,Marketing,D,,4,,1,1,C,06-Feb,A,4,
2329-4884,International Journal of Business Communication,Comm,,,,,,1,,,C,,
1368-4892,International Journal of Business Performance Manageme,nGen & Strat,D,,,,1,1,,01-Feb,,,
1815-4654,International Journal of Central Banking,Economics,,,3,,3,1,B,02-Apr,A,,
0951-192X,International Journal of Computer Integrated Manufacturin,"MIS, KM",,,,,2,1,,06-Apr,B,,
1044-4068,International Journal of Conflict Management,Gen & Strat,,,,,2,1,,02-Aug,A,,
0959-6119,International Journal of Contemporary Hospitality Manage,mTourism,,,3,,3,1,B,09-Mar,A,,
1470-5958,International Journal of Cross Cultural Management,"OS/OB,HRM/IR",C,,4,,1,1,C,02-Jan,B,4,
1086-4415,International Journal of Electronic Commerce,"MIS, KM",B,,2,P,3,1,A,6.0,A,2,B
1039-6993,International Journal of Employment Studies,"OS/OB,HRM/IR",,,,,1,1,,,C,,
1355-2554,International Journal of Entrepreneurial Behaviour and Re,sEntrep,C,,4,,3,1,B,06-Feb,B,3,
1465-7503,International Journal of Entrepreneurship and Innovation,Entrep,C,,4,,2,1,C,03-Jan,C,4,
1076-9307,International Journal of Finance and Economics,F&A,,,3,,3,1,B,02-Jan,B,3,
0169-2070,International Journal of Forecasting,Economics,C,,2,,3,2,A,05-Apr,A,3,B
0020-7276,International Journal of Game Theory,Economics,A,,2,,2,1,A,01-Feb,A,,
0278-4319,International Journal of Hospitality Management,Tourism,,,,,3,1,B,09-Apr,A*,3,
1071-5819,International Journal of Human Computer Studies,"OR,MS,POM",,,3,S,2,2,B,8.0,B,4,B
0958-5192,International Journal of Human Resource Management,"OS/OB, ",B,,3,S,3,2,A,06-Sep,A,2,B
,,"HRM/IR, IB",,,,,,,,,,,
0167-7187,International Journal of Industrial Organization,"OS/OB,HRM/IR",B,,1,P,3,2,A,02-Jun,A,,B
0268-4012,International Journal of Information Management,"MIS, KM",C,,3,S,2,2,A,18-Jan,A*,3,B
1363-9196,International Journal of Innovation Management,Innovation,B,,4,,2,1,C,03-Mar,,4,
0147-1767,International Journal of Intercultural Relations,"OS/OB,HRM/IR",,,,,1,1,,03-Jun,A,4,
0957-4093,International Journal of Logistics Management,"OR,MS,POM",C,,3,,1,1,B,07-Jun,A,3,B
1367-5567,International Journal of Logistics Research and Application,"OR,MS,POM",C,,3,,1,1,B,05-Apr,B,3,
1460-8545,International Journal of Management Reviews,Gen & Strat,B,,2,,3,2,A,20-Aug,A,2,B
1743-9132,International Journal of Managerial Finance,F&A,,,,,2,1,,02-May,A,,
0143-7720,International Journal of Manpower,"OS/OB,HRM/IR",C,,3,,2,1,B,02-Mar,A,3,
1470-7853,International Journal of Market Research,Marketing,D,,4,,2,1,B,02-Jan,A,3,
0144-3577,International Journal of Operations and Production Manag,"OR,MS,POM",B,,2,P,4,2,A,10-Jul,A,1,A
0960-0035,International Journal of Physical Distribution and Logistics ,"MOR,MS,POM",B,,2,S,2,1,A,09-Jan,A,2,B
0925-5273,International Journal of Production Economics,"OR,MS,POM",B,,1,S,3,2,A,12-Feb,A,1,B
0020-7543,International Journal of Production Research,"OR,MS,POM",B,,2,S,3,1,A,10-Aug,A,2,B
0263-7863,International Journal of Project Management,"OR,MS,POM",C,,2,,2,2,A,16-Apr,A,2,B
0190-0692,International Journal of Public Administration,PSM,C,,3,,2,1,B,02-Apr,B,3,
1471-6909,International Journal of Public Opinion Research,Marketing,,,3,,,2,B,03-Jul,A,,B
0951-3558,International Journal of Public Sector Management,PSM,C,,3,,1,1,B,3.0,B,4,
0265-671X,International Journal of Quality and Reliability Managemen,"tOR,MS,POM",,,3,,2,1,B,04-Feb,B,3,
0167-8116,International Journal of Research in Marketing,Marketing,A,,2,P*,4,2,A,08-Aug,A*,1,A
0959-0552,International Journal of Retail and Distribution Manageme,nMarketing,C,,3,,2,1,B,04-Jun,A,3,B
0965-075X,International Journal of Selection and Assessment,"OS/OB,HRM/IR",,,,S,2,1,C,02-Jan,A,4,B
0306-8293,International Journal of Social Economics,Economics,,,,,1,1,B,01-Jun,B,,
,,,,,,,,,,,,,
ISSN,Journal ,Subject area [Range highest to lowest],JourQual ,FT   ,Cnrs ,EJL ,ABS ,Den ,Hceres ,Scopus ,ABDC ,Fnege ,Meta 
,,,2015,2016,2020,2020,2021,2021,2021,CiteSc ,2022,2022,2023
,,, A+-D,1=Y,  1*-4,P*-S,4*-1,02-Jan,   A-C,2021,A*-C,1*-4, A+-B
1072-5245,International Journal of Stress Management,"Psych, OS/OB",,,,,2,1,,5.0,A,4,
0267-5730,International Journal of Technology Management,Innovation,C,,3,,2,2,B,2.0,B,3,
1357-1516,International Journal of the Economics of Business,Economics,C,,3,,2,1,B,01-Mar,B,,
0219-0249,International Journal of Theoretical and Applied Finance,F&A,B,,3,,2,1,B,0.9,B,3,
1099-2340,International Journal of Tourism Research,Tourism,,,,,2,1,,05-Mar,A,,
1360-3736,International Journal of Training and Development,"OS/OB,HRM/IR",,,,,2,1,,02-Sep,C,,
0309-1317,International Journal of Urban and Regional Research,Sociology,,,3,,2,2,B,06-Jan,B,3,
0020-7780,International Labour Review,"OS/OB,HRM/IR",,,3,,2,1,B,02-Feb,B,3,
0265-1335,International Marketing Review,Marketing,B,,3,S,3,1,A,05-Jul,A,2,
1382-340X,International Negotiation,"OS/OB,HRM/IR",,,,,1,1,,1.0,A,,
0020-8183,International Organization,Economics,,,3,,,2,B,09-Feb,B,,
0160-0176,International Regional Science Review,Economics,,,2,,,1,A,04-Jul,B,,
0020-8523,International Review of Administrative Sciences,PSM,C,,3,,3,1,B,04-Feb,C,3,
0269-2171,International Review of Applied Economics,Economics,,,4,,1,1,C,01-Sep,B,,
1059-0560,International Review of Economics and Finance,Economics,,,,,2,1,C,03-Jun,A,4,
1369-412X,International Review of Finance,F&A,,,,,,1,,2.0,A,,
1057-5219,International Review of Financial Analysis,F&A,,,3,,3,1,B,04-Sep,A,3,B
0144-8188,International Review of Law and Economics,Economics,B,,1,,2,2,A,01-Feb,B,,B
1229-4659,International Review of Public Administration,PSM,,,4,,1,2,C,1.0,B,4,
0959-3969,"International Review of Retail, Distribution and Consumer ",RMarketing,C,,,,1,1,,02-Apr,B,,
0266-2426,International Small Business Journal,Entrep,C,,2,S,3,2,A,8.0,A,2,B
1468-2451,International Social Science Journal,Sociology,,,,,,1,,01-Jan,B,,
0020-8825,International Studies of Management and Organization,IB,C,,4,,2,1,B,02-Apr,B,3,
0020-8833,International Studies Quarterly,Economics,,,,,,2,,03-Mar,A,,
0927-5940,International Tax and Public Finance,PSM,B,,2,,2,1,A,01-Jul,B,,
0969-6016,International Transactions in Operational Research,"OR,MS,POM",D,,3,,1,1,B,06-Feb,B,4,
1066-2243,Internet Research,"MIS, KM",,,,,3,2,,08-May,A,4,B
0739-3172,Issues in Accounting Education,Education,C,,,,2,1,,01-Jul,A,,
2193-8997,IZA Journal of Labor Economics,Economics,,,,,,1,,02-Jul,A,,
0922-1425,Japan and the World Economy,Economics,,,,,1,1,,01-Apr,B,,
1040-9602,Journal for Quality and Participation,"OR,MS,POM",,,,,,,,,C,,
0165-4101,Journal of Accounting and Economics,F&A,A+,1,1*,P*,4*,2,A,07-Apr,A*,1*,A+
0278-4254,Journal of Accounting and Public Policy,F&A,B,,2,S,3,1,A,04-Mar,A,2,B
0748-5751,Journal of Accounting Education,Education,C,,,,2,1,,04-Jul,B,,
0737-4607,Journal of Accounting Literature,F&A,B,,3,S,3,1,B,06-May,A,3,B
0021-8456,Journal of Accounting Research,F&A,A+,1,1,P*,4*,2,A,07-Jan,A*,1*,A+
0148-558X,"Journal of Accounting, Auditing and Finance",F&A,B,,3,S,3,1,B,02-Apr,A,3,B
0091-3367,Journal of Advertising,Marketing,B,,3,P,3,1,A,11-Mar,A,2,B
0021-8499,Journal of Advertising Research,Marketing,C,,3,S,3,1,A,03-Jul,A,2,B
0090-9882,Journal of Applied Communication Research,Comm,,,,,,1,,02-Jul,B,,
1078-1196,Journal of Applied Corporate Finance,F&A,C,,,S,1,1,,,A,,
0883-7252,Journal of Applied Econometrics,Economics,,,1,,3,2,A,4.0,A*,2,
1514-0326,Journal of Applied Economics,Economics,,,,,1,1,,01-Apr,B,,
0021-9010,Journal of Applied Psychology,Psychology,A,1,1,P*,4*,2,A,12-Mar,A*,1*,A+
0021-9029,Journal of Applied Social Psychology,Psychology,B,,,,2,1,,02-Sep,B,4,
1059-9231,Journal of Asia-Pacific Business,IB,,,,,1,1,,01-May,C,,
1049-0078,Journal of Asian Economics,Economics,,,4,,1,1,C,3.0,B,,
0378-4266,Journal of Banking and Finance,F&A,A,,2,P,3,2,A,04-Apr,A*,1,A
2214-8043,Journal of Behavioral and Experimental Economics,Economics,,,3,,2,1,B,02-Feb,A,3,
2214-8043,Journal of Behavioral and Experimental Economics,Economics,B,,,,,,,,A,,
0894-3257,Journal of Behavioral Decision Making,Psychology,B,,3,S,3,1,B,03-Sep,A,2,B
1542-7560,Journal of Behavioral Finance,F&A,B,,,,2,1,C,02-Feb,A,4,
1350-231X,Journal of Brand Management,Marketing,C,,4,S,2,1,B,04-Aug,A,3,B
0735-0015,Journal of Business and Economic Statistics,Economics,,,1,P,4,2,A,05-Sep,A*,1,
0885-8624,Journal of Business and Industrial Marketing,Marketing,C,,3,,2,1,B,04-Apr,A,3,
0889-3268,Journal of Business and Psychology,"OS/OB,HRM/IR",B,,3,,3,1,B,07-Mar,A,3,B
0044-2372,Journal of Business Economics,Gen & Strat,B,,,,2,1,,04-Jan,,,
,,,,,,,,,,,,,
ISSN,Journal ,Subject area [Range highest to lowest],JourQual ,FT   ,Cnrs ,EJL ,ABS ,Den ,Hceres ,Scopus ,ABDC ,Fnege ,Meta 
,,,2015,2016,2020,2020,2021,2021,2021,CiteSc ,2022,2022,2023
,,, A+-D,1=Y,  1*-4,P*-S,4*-1,02-Jan,   A-C,2021,A*-C,1*-4, A+-B
0167-4544,Journal of Business Ethics,"OS/OB,HRM/IR",B,1,2,P,3,2,A,9.0,A,1,A
0306-686X,Journal of Business Finance and Accounting,F&A,B,,2,P,3,2,A,03-Mar,A*,2,B
0735-3766,Journal of Business Logistics,"OR,MS,POM",B,,2,S,3,1,A,08-Jun,A,2,B
0148-2963,Journal of Business Research,Marketing,B,,2,S,3,2,A,09-Feb,A,2,B
0275-6668,Journal of Business Strategy,Gen & Strat,C,,4,,1,1,C,01-Sep,B,4,
0883-9026,Journal of Business Venturing,Entrep,A,1,1,P*,4,2,A,13-Mar,A*,1*,A
2352-6734,Journal of Business Venturing Insights,Entrep,,,,,2,1,,04-Apr,A,,B
1051-712X,Journal of Business-to-Business Marketing,Marketing,C,,4,S,2,2,C,01-Sep,B,4,B
1382-6905,Journal of Combinatorial Optimization,"OR,MS,POM",B,,,,2,1,,02-Jan,,,
2405-8513,Journal of Commodity Markets,F&A,,,,,3,,,04-Apr,A,4,
0021-9886,Journal of Common Market Studies,Economics,,,3,S,3,2,B,04-Aug,B,,
0021-9916,Journal of Communication,Comm,B,,,,,2,,09-Feb,A,,
1363-254X,Journal of Communication Management,Comm,,,,,1,1,,03-Feb,B,,
0147-5967,Journal of Comparative Economics,Economics,,,1,,3,1,A,04-Feb,A,,
1061-8600,Journal of Computational and Graphical Statistics,Economics,,,,,3,2,,04-May,A*,,
1460-1559,Journal of Computational Finance,F&A,B,,,,1,1,,01-Aug,C,4,
0887-4417,Journal of Computer Information Systems,"MIS, KM",,,,,2,1,,5.0,A,,
0022-0027,Journal of Conflict Resolution,"OS/OB,HRM/IR",,,,,3,2,,05-Apr,A*,3,A
0022-0078,Journal of Consumer Affairs,Marketing,C,,3,S,2,1,B,02-Jul,A,3,B
1472-0817,Journal of Consumer Behaviour,Marketing,C,,,,2,1,,04-Jan,A,4,
0736-3761,Journal of Consumer Marketing,Marketing,C/D,,4,,1,1,C,02-Aug,A,4,
1057-7408,Journal of Consumer Psychology,Marketing,A,1,1,P*,4*,1,A,05-Aug,A*,1,A
0093-5301,Journal of Consumer Research,Marketing,A+,1,1,P*,4*,2,A,11-Aug,A*,1*,A+
1815-5669,Journal of Contemporary Accounting and Economics,F&A,C,,,,2,1,,03-Jan,A,,
0929-1199,Journal of Corporate Finance,F&A,B,,2,P,4,2,A,04-Sep,A*,1,A
0022-0221,Journal of Cross-Cultural Psychology,Psychology,C,,,,3,2,,04-Mar,A,,
1063-8016,Journal of Database Management,"MIS, KM",,,,,1,2,,02-Apr,A,,
1074-1240,Journal of Derivatives,F&A,B,,3,S,2,1,B,0.7,A,3,B
2212-571X ,Journal of Destination Marketing and Management,Marketing,,,,,1,1,,08-Aug,A,,
0022-037X,Journal of Developing Areas,Economics,,,,,1,2,,,,,
0304-3878,Journal of Development Economics,Economics,,,1,,3,2,A,5.0,A*,,
0022-0388,Journal of Development Studies,Economics,,,2,,3,2,A,03-Feb,A,3,
1066-9868,Journal of East-West Business,IB,,,,,1,1,,01-Jun,C,,
0304-4076,Journal of Econometrics,Economics,,,1,,4,2,A,03-Mar,A*,1,
0167-2681,Journal of Economic Behavior and Organization,Economics,A,,2,S,3,2,A,02-Mar,A*,2,B
0165-1889,Journal of Economic Dynamics and Control,Economics,A,,1,,3,2,A,02-May,A*,2,B
0022-0485,Journal of Economic Education,Education,,,3,,1,1,B,01-May,B,,
1468-2702,Journal of Economic Geography,Economics,,,1,,4,2,A,07-Jan,A,1,
1381-4338,Journal of Economic Growth,Economics,,,1,,3,2,A,04-Sep,A*,1,
0022-0507,Journal of Economic History,Economics,,,1,,3,2,A,04-Jan,A*,,
1569-1721,Journal of Economic Inequality,Economics,,,3,,2,1,B,02-Feb,A,,
0021-3624,Journal of Economic Issues,Economics,,,3,,2,1,B,1.0,B,,
0022-0515,Journal of Economic Literature,Economics,,,1*,,4,1,A,13-Aug,A*,1,
1350-178X,Journal of Economic Methodology,Economics,,,2,,2,1,A,02-May,B,,
0895-3309,Journal of Economic Perspectives,Economics,,,1,,4,1,A,18-Jun,A*,1,
0167-4870,Journal of Economic Psychology,Economics,B,,2,S,2,1,A,03-Apr,A,3,B
2199-6776,Journal of Economic Science Association,Economics,,,,,,,,,A,,
0144-3585,Journal of Economic Studies,Economics,,,,,2,1,,02-Mar,B,,
0950-0804,Journal of Economic Surveys,Economics,,,2,,2,1,A,06-Mar,A,,
0022-0531,Journal of Economic Theory,Economics,,,1,,4,2,A,02-Apr,A*,1,
0148-6195,Journal of Economics and Business,Economics,C,,,,2,1,,03-Jul,B,,
1055-0925,Journal of Economics and Finance,F&A,C,,,,,1,,01-Jan,B,,
1058-6407,Journal of Economics and Management Strategy,Economics,A,,1,P,2,2,A,02-May,A,2,B
0931-8658,Journal of Economics/ Zeitschrift fur Nationalokonomie,Economics,,,3,,2,1,B,01-Sep,B,,
0268-0939,Journal of Education Policy,Education,,,,,2,2,,06-Jan,,,
0022-0671,Journal of Educational Research,Education,,,,,,1,,03-Jan,,,
1938-9027,Journal of Electronic Commerce Research,"MIS, KM",C,,,,1,1,,04-Jan,B,4,
,,,,,,,,,,,,,
ISSN,Journal ,Subject area [Range highest to lowest],JourQual ,FT   ,Cnrs ,EJL ,ABS ,Den ,Hceres ,Scopus ,ABDC ,Fnege ,Meta 
,,,2015,2016,2020,2020,2021,2021,2021,CiteSc ,2022,2022,2023
,,, A+-D,1=Y,  1*-4,P*-S,4*-1,02-Jan,   A-C,2021,A*-C,1*-4, A+-B
0927-5398,Journal of Empirical Finance,F&A,B,,3,P,3,2,A,03-Apr,A,2,B
0923-4748,Journal of Engineering and Technology Management - JE,TInnovation,C,,3,S,2,1,B,05-Feb,B,3,B
1741-0398,Journal of Enterprise Information Management,"MIS, KM",C,,4,,2,1,B,06-Jan,A,4,
0095-0696,Journal of Environmental Economics and Management,Economics,B,,1,,3,2,A,07-Aug,A*,1,A
0301-4797,Journal of Environmental Management,Economics,B/C,,3,,3,2,B,09-Aug,A,2,B
1049-6483,Journal of Euromarketing,Marketing,,,,,,1,,,C,,
0391-5115,Journal of European Economic History,Economics,,,4,,1,,C,0.1,B,,
1350-1763,Journal of European Public Policy,PSM,,,,,3,2,,08-Jan,A,,B
0958-9287,Journal of European Social Policy,PSM,,,,,3,2,,04-Apr,,,
0936-9937,Journal of Evolutionary Economics,Economics,,,2,P,2,1,A,03-Jan,A,,
1076-898X,Journal of Experimental Psychology: Applied,Psychology,,,,,4,1,,03-Sep,A,,
0096-3445,Journal of Experimental Psychology: General,Psychology,,,,,4,2,,06-Mar,A*,,
0096-1523,Journal of Experimental Psychology: Human Perception an,dPsychology,,,,,,2,,05-Apr,,,
0278-7393,Journal of Experimental Psychology: Learning Memory and, Psychology,,,,,3,2,,05-Mar,A,,
0022-1031,Journal of Experimental Social Psychology,Psychology,,,,,4,1,,06-Feb,A,,
0022-1082,Journal of Finance,F&A,A+,1,1*,P*,4*,2,A,11-Feb,A*,1*,A+
0022-1090,Journal of Financial and Quantitative Analysis,F&A,A,1,1,P*,4,2,A,05-Mar,A*,1,A
1479-8409,Journal of Financial Econometrics,Economics,B,,3,S,3,1,A,02-Aug,A*,2,B
0304-405X,Journal of Financial Economics,F&A,A+,1,1,P*,4*,2,A,09-Jun,A*,1*,A+
1042-9573,Journal of Financial Intermediation,F&A,A,,2,P,4,2,A,06-Mar,A*,1,A
1386-4181,Journal of Financial Markets,F&A,B,,2,P,3,2,A,3.0,A*,2,A
2380-2154,Journal of Financial Reporting,F&A,,,,,,,,,A,,
0270-2592,Journal of Financial Research,F&A,C,,3,S,3,1,B,01-Feb,A,3,B
0920-8550,Journal of Financial Services Research,F&A,C,,3,S,3,2,B,03-Mar,A,3,B
1572-3089,Journal of Financial Stability,F&A,,,3,,3,1,B,06-Mar,A,3,B
1059-8596,Journal of Fixed Income,F&A,B,,3,S,2,1,B,0.5,A,3,B
0277-6693,Journal of Forecasting,Gen & Strat,B,,3,,2,1,B,3.0,A,3,
0270-7314,Journal of Futures Markets,F&A,B,,3,S,3,1,B,02-Apr,A,3,B
0306-3070,Journal of General Management,Gen & Strat,C,,,,1,1,C,1.0,B,4,
1062-7375,Journal of Global Information Management,"MIS, KM",,,3,,2,1,B,02-Apr,A,3,
1097-198X,Journal of Global Information Technology Management,"MIS, KM",,,,,2,1,,02-Jun,B,,
0891-1762,Journal of Global Marketing,Marketing,C,,,,1,1,,02-Jul,B,,
2049-8799,Journal of Global Mobility,HRM/IR,,,,,2,1,,02-Jun,B,,
0167-6296,Journal of Health Economics,Economics,A,,1,,3,2,A,05-Mar,A*,,A
1047-8310,Journal of High Technology Management Research,Innovation,C,,4,,2,1,C,05-Mar,C,4,
0022-1546,Journal of Higher Education,Education,,,,,2,2,,03-Sep,,,
1096-3758,Journal of Hospitality and Tourism Education,Education,,,,,1,1,,01-Aug,B,,
1447-6770 ,Journal of Hospitality and Tourism Management,Tourism,,,,,1,,,05-Mar,A,4,
1096-3480,Journal of Hospitality and Tourism Research,Tourism,,,,,2,1,,07-Sep,A,4,
1936-8623,Journal of Hospitality Marketing and Management,Tourism,,,,,1,1,,08-May,A,,
1051-1377,Journal of Housing Economics,Economics,,,2,,2,1,A,03-Jan,A,,
1932-8575,Journal of Human Capital,Economics,,,2,,3,1,A,2.0,A,,
0022-166X,Journal of Human Resources,"OS/OB,HRM/IR",B,,1,,3,2,A,05-May,A*,2,A
1088-1980,Journal of Industrial Ecology,Economics,A,,,,2,2,,12-Aug,,,
0022-1821,Journal of Industrial Economics,Economics,A,,1,,3,2,A,01-Jun,A,2,B
0022-1856,Journal of Industrial Relations,"OS/OB,HRM/IR",C,,,,2,1,C,03-May,A,4,B
0165-5515,Journal of Information Science,"MIS, KM",,,,,2,2,,05-Sep,,,
0888-7985,Journal of Information Systems,F&A,C,,,,1,1,,04-Jan,A,4,
1055-3096,Journal of Information Systems Education,Education,,,,,1,1,,2.0,B,,
0268-3962,Journal of Information Technology,"MIS, KM",A,,2,P*,4,2,A,11-Mar,A*,1,A
0932-4569,Journal of Institutional and Theoretical Economics,Economics,B,,2,,2,1,A,01-Jan,A,,
1744-1374,Journal of Institutional Economics,Economics,,,2,,3,1,A,02-Aug,B,,
1094-9968,Journal of Interactive Marketing,Marketing,B,,2,P,3,2,A,11-Apr,A,2,B
1542-6297,Journal of International Accounting Research,F&A,B,,3,S,2,1,B,01-May,A,3,B
1061-9518,"Journal of International Accounting, Auditing and Taxation",F&A,B,,,,3,1,,3.0,B,,
1649-4946,Journal of International Business Education,IB,,,,,2,,,,,,
0047-2506,Journal of International Business Studies,IB,A,1,1,P*,4*,2,A,14-Feb,A*,1*,A+
,,,,,,,,,,,,,
ISSN,Journal ,Subject area [Range highest to lowest],JourQual ,FT   ,Cnrs ,EJL ,ABS ,Den ,Hceres ,Scopus ,ABDC ,Fnege ,Meta 
,,,2015,2016,2020,2020,2021,2021,2021,CiteSc ,2022,2022,2023
,,, A+-D,1=Y,  1*-4,P*-S,4*-1,02-Jan,   A-C,2021,A*-C,1*-4, A+-B
0896-1530,Journal of International Consumer Marketing,Marketing,,,,,,1,,02-Apr,B,,
0954-1748,Journal of International Development,Economics,,,3,,2,1,B,02-Jun,B,,
0022-1996,Journal of International Economics,Economics,,,1,,4,2,A,04-Aug,A*,1,
0954-1314,Journal of International Financial Management and Accou,nF&A,C,,,,2,1,,04-Apr,B,,
1042-4431,"Journal of International Financial Markets, Institutions and ",MF&A,C,,3,S,3,1,B,05-Feb,A,3,B
1075-4253,Journal of International Management,IB,B,,3,S,3,2,B,06-Jan,A,3,B
1069-031X,Journal of International Marketing,Marketing,B,,2,S,3,2,A,08-Jan,A,2,B
1010-7347,Journal of International Marketing and Marketing Research,Marketing,,,,,,,,,C,,
0261-5606,Journal of International Money and Finance,F&A,B,,2,P,3,2,A,03-Sep,A,2,B
1545-9144,Journal of Investment Management,F&A,,,,,,1,,,C,,
1367-3270,Journal of Knowledge Management,"MIS, KM",C,,3,,2,2,B,10-Mar,A,2,B
0734-306X,Journal of Labor Economics,Economics,A,,1,,4,2,A,06-Apr,A*,1,A
0195-3613,Journal of Labor Research,"OS/OB,HRM/IR",,,4,,2,1,C,01-Mar,B,4,
0261-927X,Journal of Language and Social Psychology,Psychology,,,,,2,1,,02-Aug,B,,
0022-2186,Journal of Law and Economics,Economics,B,,1,,3,1,A,02-Jan,A*,1,B
8756-6222,"Journal of Law, Economics, and Organization",Economics,B,,1,S,3,2,A,02-May,A,2,B
0022-2216,Journal of Leisure Research,Tourism,,,,,,1,,01-Apr,A,,
0164-0704,Journal of Macroeconomics,Economics,,,2,,2,1,A,02-Feb,A,3,
0276-1467,Journal of Macromarketing,Marketing,C,,3,,2,1,B,03-May,A,3,B
0149-2063,Journal of Management,Gen & Strat,A,1,1,P*,4*,2,A,21-Apr,A*,1,A+
1049-2127,Journal of Management Accounting Research,F&A,B,,3,S,2,1,B,02-Apr,A*,3,B
1385-3457,Journal of Management and Governance,Gen & Strat,C,,4,,1,1,C,02-Jun,C,4,
1833-3672,Journal of Management and Organization,Gen & Strat,,,,,2,1,,03-Jun,B,,
2191-4761,Journal of Management Control,F&A,,,,,2,1,,04-Aug,A,,
0262-1711,Journal of Management Development,"OS/OB,HRM/IR",,,4,,1,1,C,4.0,C,4,
1052-5629,Journal of Management Education,Education,B,,,,2,1,,02-Apr,B,,
1751-1348,Journal of Management History,Gen & Strat,,,,,1,,,01-May,B,4,
0742-1222,Journal of Management Information Systems,"MIS, KM",A,1,1,P,4,2,A,10-May,A*,1,A
1056-4926,Journal of Management Inquiry,Gen & Strat,B,,3,S,3,1,A,04-Feb,A,2,B
0022-2380,Journal of Management Studies,Gen & Strat,A,1,1,P*,4,2,A,09-Feb,A*,1,A
1045-3695,Journal of Managerial Issues,Gen & Strat,C,,,,,,,,C,,
0268-3946,Journal of Managerial Psychology,"OS/OB,HRM/IR",B,,4,,3,1,B,03-Jan,B,3,
0278-6125,Journal of Manufacturing Systems,"OR,MS,POM",,,3,,1,2,B,12-Jul,B,4,B
1741-038X,Journal of Manufacturing Technology Management,"OR,MS,POM",C,,4,,1,1,C,08-Apr,B,4,
0022-2429,Journal of Marketing,Marketing,A+,1,1*,P*,4*,2,A,12-Mar,A*,1*,A+
1046-669X,Journal of Marketing Channels,Marketing,D,,,,1,1,,,,,
1352-7266,Journal of Marketing Communications,Marketing,,,,,1,1,,04-Jun,B,,
0273-4753,Journal of Marketing Education,Education,D,,,,2,1,C,04-Mar,B,4,
0267-257X,Journal of Marketing Management,Marketing,C,,3,,2,1,B,04-Apr,A,3,B
0022-2437,Journal of Marketing Research,Marketing,A+,1,1,P*,4*,2,A,09-Jun,A*,1*,A+
1069-6679,Journal of Marketing Theory and Practice,Marketing,C,,4,,2,1,C,3.0,B,4,
0304-4068,Journal of Mathematical Economics,Economics,,,1,,3,1,A,01-Mar,A,2,
0022-2496,Journal of Mathematical Psychology,Psychology,,,,,2,1,,04-May,,,
0304-3932,Journal of Monetary Economics,Economics,,,1,,4,2,A,04-Mar,A*,1,
0022-2879,"Journal of Money, Credit and Banking",F&A,A,,1,P,4,1,A,02-Feb,A*,1,B
1057-9214,Journal of Multi-Criteria Decision Analysis,"OR,MS,POM",B,,4,,1,1,C,03-Apr,B,,
1042-444X,Journal of Multinational Financial Management,F&A,,,4,,2,1,C,04-May,B,4,
0047-259X,Journal of Multivariate Analysis,"OR,MS,POM",,,,,3,2,,02-Feb,A,,B
1049-5142,Journal of Nonprofit and Public Sector Marketing,Marketing,C,,,,1,1,,2.0,B,,
0963-1798,Journal of Occupational and Organizational Psychology,"OS/OB,HRM/IR",B,,2,S,4,2,A,05-Jan,A,2,B
1076-8998,Journal of Occupational Health Psychology,Psychology,,,,,4,2,B,16-Jun,A,2,
0272-6963,Journal of Operations Management,"OR,MS,POM",A,1,1,P*,4*,2,A,08-Jan,A*,1*,A+
0022-3239,Journal of Optimization Theory and Applications,"OR,MS,POM",,,,,3,1,,3.0,A,,B
0894-3796,Journal of Organizational Behavior,"OS/OB,HRM/IR",A,,2,P,4,2,A,11-Aug,A*,1,A
0160-8061,Journal of Organizational Behavior Management,"OS/OB,HRM/IR",,,3,,2,1,B,01-Sep,B,4,
0953-4814,Journal of Organizational Change Management,Gen & Strat,D,,3,S,2,1,B,02-May,B,3,
1091-9392,Journal of Organizational Computing and Electronic Comm,"eMIS, KM",C,,,,1,1,,03-Sep,A,,
,,,,,,,,,,,,,
ISSN,Journal ,Subject area [Range highest to lowest],JourQual ,FT   ,Cnrs ,EJL ,ABS ,Den ,Hceres ,Scopus ,ABDC ,Fnege ,Meta 
,,,2015,2016,2020,2020,2021,2021,2021,CiteSc ,2022,2022,2023
,,, A+-D,1=Y,  1*-4,P*-S,4*-1,02-Jan,   A-C,2021,A*-C,1*-4, A+-B
0885-3134,Journal of Personal Selling and Sales Management,Marketing,B,,4,,2,1,B,04-Apr,A,3,
0022-3514,Journal of Personality and Social Psychology,Psychology,,,,,4,2,,11-Jun,A*,,
0276-8739,Journal of Policy Analysis and Management,PSM,,,2,,3,2,A,05-Sep,A,,B
0161-8938,Journal of Policy Modeling,PSM,,,4,,2,1,C,03-May,A,,
0022-3808,Journal of Political Economy,Economics,A+,1,1*,,4*,3,A,10-Sep,A*,1*,A+
0933-1433,Journal of Population Economics,Economics,,,2,,3,1,A,03-Sep,A,,
0095-4918,Journal of Portfolio Management,F&A,B,,3,S,3,1,B,01-May,A,3,B
0160-3477,Journal of Post Keynesian Economics,Economics,,,2,,2,1,A,01-Jun,B,,
1061-0421,Journal of Product and Brand Management,Marketing,C,,4,,1,1,B,04-Jul,A,4,
0737-6782,Journal of Product Innovation Management,Innovation,A,,1,P,4,2,A,10-Jun,A*,1,A
0895-562X,Journal of Productivity Analysis,"OR,MS,POM",,,3,,2,1,B,03-Jan,A,4,B
2051-8803,Journal of Professions and Organization,OS/OB,,,,,2,2,,03-Mar,A,4,B
1053-1858,Journal of Public Administration Research and Theory,PSM,A,,1,,4,2,A,7.0,A,2,A
1097-3923,Journal of Public Economic Theory,Economics,,,2,,2,1,A,02-Feb,A,,
0047-2727,Journal of Public Economics,Economics,A,,1,,3,2,A,04-Apr,A*,1,A
0143-814X,Journal of Public Policy,PSM,,,,,,2,,02-Aug,B,,
0743-9156,Journal of Public Policy and Marketing,Marketing,B,,2,S,3,2,A,04-Sep,A,2,B
1478-4092,Journal of Purchasing and Supply Management,"OR,MS,POM",B,,3,P,3,1,B,07-Jul,A,3,B
0022-4065,Journal of Quality Technology,"MIS, KM",,,2,,,2,A,03-May,A,3,B
0895-5638,Journal of Real Estate Finance and Economics,F&A,,,3,S,3,1,B,01-Aug,A,3,B
0927-7544,Journal of Real Estate Literature,F&A,,,,,,1,,01-Mar,C,,
0896-5803,Journal of Real Estate Research,F&A,B,,,,,1,,02-Mar,B,,
0022-4146,Journal of Regional Science,Economics,,,2,,3,1,A,03-Jun,A,3,
0922-680X,Journal of Regulatory Economics,Economics,,,2,,2,1,A,02-Jan,A,,
1533-2667,Journal of Relationship Marketing,Marketing,C,,,,1,1,,01-Jul,B,,
1443-458X,Journal of Research and Practice in Information Technolog,"MIS, KM",,,,,,1,,,C,,
0022-4359,Journal of Retailing,Marketing,A,,2,P,4,2,A,11-Aug,A*,1,A
0969-6989,Journal of Retailing and Consumer Services,Marketing,C,,3,S,2,1,B,9.0,A,3,B
0022-4367,Journal of Risk and Insurance,F&A,A,,2,S,3,2,A,03-Jun,A,2,B
0895-5646,Journal of Risk and Uncertainty,Economics,B,,2,S,3,2,A,3.0,A*,2,B
0743-0167,Journal of Rural Studies,PSM,,,,,3,2,,06-Apr,,,
1094-6136,Journal of Scheduling,"OR,MS,POM",A,,3,S,2,2,B,03-Apr,A,,B
1757-5818,Journal of Service Management,"OR,MS,POM",B,,3,,2,1,B,10.0,A,3,B
1094-6705,Journal of Service Research,Marketing,A,,2,P,4,2,A,14-Jan,A*,1,A
2055-6225,Journal of Service Theory and Practice,Marketing,C,,4,,1,1,C,07-Apr,A,4,
0887-6045,Journal of Services Marketing,Marketing,C,,3,,2,1,B,05-Sep,A,3,B
1462-6004,Journal of Small Business and Enterprise Development,Entrep,D,,4,,2,1,C,04-May,C,4,
0047-2778,Journal of Small Business Management,Entrep,B,,2,S,3,2,A,06-Apr,A,2,B
0022-4537,Journal of Social Issues,Sociology,,,,,,2,,08-Feb,A,,
0047-2794,Journal of Social Policy,PSM,,,,,3,2,,04-Jun,A,,B
0022-4545,Journal of Social Psychology,Psychology,B,,,,1,1,,02-Sep,B,,
1532-060X,Journal of Software Maintenance and Evolution,"MIS, KM",,,,,,,,,C,,
0888-4773,Journal of Sport Management,Gen & Strat,,,,,2,1,,04-May,A,4,B
0963-8687,Journal of Strategic Information Systems,"MIS, KM",A,,2,S,4,2,A,17-Apr,A*,2,A
0965-254X,Journal of Strategic Marketing,Marketing,C,,4,,2,1,C,4.0,A,4,
1523-2409,Journal of Supply Chain Management,"OR,MS,POM",B,,2,P,4,2,A,12-Sep,A,2,A
0966-9582,Journal of Sustainable Tourism,Tourism,,,,,3,1,B,08-Mar,A*,3,
0164-1212,Journal of Systems and Software,"MIS, KM",,,,,2,1,,08-Apr,B,,
0092-0703,Journal of the Academy of Marketing Science,Marketing,A,1,1,P*,4*,2,A,17.0,A*,1,A
0004-5411,Journal of the ACM,"MIS, KM",B,,,,,2,,06-Feb,C,,
0162-1459,Journal of the American Statistical Association,Economics,,,,,4,2,,06-Aug,A*,,
0198-9073,Journal of the American Taxation Association,F&A,B,,,,3,,,03-Feb,A,,
1354-7860,Journal of the Asia Pacific Economy,Economics,,,,,1,1,,,B,,
1532-2882,Journal of the Association for Information Science and Tec,"hMIS, KM",,,,,3,2,,,A*,,B
1536-9323,Journal of the Association for Information Systems,"MIS, KM",A,,2,,4*,2,A,06-Feb,A*,1,A
2333-5955,Journal of the Association of Environmental and Resource ,Economics,,,,,3,1,,10-May,A,,
1542-4766,Journal of the European Economic Association,Economics,A,,1,,4,2,A,05-Apr,A*,1,
,,,,,,,,,,,,,
ISSN,Journal ,Subject area [Range highest to lowest],JourQual ,FT   ,Cnrs ,EJL ,ABS ,Den ,Hceres ,Scopus ,ABDC ,Fnege ,Meta 
,,,2015,2016,2020,2020,2021,2021,2021,CiteSc ,2022,2022,2023
,,, A+-D,1=Y,  1*-4,P*-S,4*-1,02-Jan,   A-C,2021,A*-C,1*-4, A+-B
1053-8372,Journal of the History of Economic Thought,Economics,,,2,,2,1,A,01-May,B,4,
0160-5682,Journal of the Operational Research Society,"OR,MS,POM",B,,2,S,3,2,A,04-Jan,A,2,B
1467-985X,Journal of the Royal Statistical Society. Series A: Statistics in,"OR,MS,POM",A,,,,3,1,,03-Jun,A,,B
1467-9868,Journal of the Royal Statistical Society. Series B: Statistical ,"MOR,MS,POM",A,,2,,4,2,A,8.0,A*,,A
1467-9876,Journal of the Royal Statistical Society. Series C: Applied St,"OR,MS,POM",,,,,3,2,,03-Jan,A,,B
0022-5258,Journal of Transport Economics and Policy,Economics,,,3,,2,1,B,02-Jul,A,4,
0966-6923,Journal of Transport Geography,"OR,MS,POM",,,,S,2,2,,06-Aug,A,4,B
1054-8408,Journal of Travel and Tourism Marketing,Tourism,D,,3,,2,1,B,09-Jun,A,3,
0047-2875,Journal of Travel Research,Tourism,,,4,,4,1,A,13-Mar,A*,2,
0094-1190,Journal of Urban Economics,Economics,,,1,,3,2,A,06-Jun,A*,2,
0001-8791,Journal of Vocational Behavior,"OS/OB,HRM/IR",B,,2,P,4,1,A,08-Apr,A*,2,B
1363-6820,Journal of Vocational Education and Training,Education,,,,,1,1,,02-Jun,B,,
1090-9516,Journal of World Business,IB,B,,1,P,4,2,A,10-Aug,A*,1,A
1011-6702,Journal of World Trade,Economics,,,4,,2,2,C,01-Mar,B,,
1930-2975,Judgment and Decision Making,Psychology,,,,,3,1,,03-Feb,A,3,
1092-4604,Knowledge and Process Management,"OR,MS,POM",,,,,1,1,C,02-Jul,B,4,
0950-7051,Knowledge Based Systems,"MIS, KM",,,,,,2,,,A,,
0023-5962,Kyklos,Economics,B,,2,,3,1,A,02-Aug,A,3,B
0023-656X,Labor History,"OS/OB,HRM/IR",,,4,,2,2,C,0.8,A,4,B
0160-449X,Labor Studies Journal,"OS/OB,HRM/IR",,,,,2,1,,0.9,B,,
1121-7081,Labour,Economics,,,3,,1,1,B,01-Mar,B,,
0927-5371,Labour Economics,Economics,B,,2,,3,2,A,02-May,A,2,B
0023-6942,Labour History,Gen & Strat,,,4,,,1,C,,A,4,
0023-7639,Land Economics,Economics,,,2,,3,1,A,3.0,A,3,
0271-5309,Language and Communication,Comm,,,,,,1,,02-Jun,B,,
1742-7150,Leadership,"OS/OB,HRM/IR",D,,4,,2,1,C,03-Feb,B,4,
0143-7739,Leadership and Organization Development Journal,Gen & Strat,,,4,,1,1,C,04-Jan,B,4,
1048-9843,Leadership Quarterly,"OS/OB,HRM/IR",A,,2,P,4,2,A,13-Feb,A*,1,A
0149-0400,Leisure Sciences,Tourism,,,,,2,1,,03-Jul,A,3,
0269-0942,Local Economy,PSM,,,,,2,1,C,01-Aug,C,4,
0300-3930,Local Government Studies,PSM,,,3,,2,2,B,03-Jun,A,3,B
0024-6301,Long Range Planning,Gen & Strat,B,,2,P,3,2,A,11-May,A,2,B
1286-4692,M@n@gement,Gen & Strat,C,,2,,1,1,A,,B,2,
1365-1005,Macroeconomic Dynamics,Economics,,,2,,2,1,A,01-Apr,A,3,
1044-5005,Management Accounting Research,F&A,A,,1,P,3,2,A,05-Jun,A*,1,A
1740-8776,Management and Organization Review,Gen & Strat,C,,3,S,3,1,B,03-Jun,A,3,B
0893-3189,Management Communication Quarterly,Gen & Strat,,,4,S,2,2,B,3.0,B,4,B
0025-1747,Management Decision,Gen & Strat,C,,4,,2,1,B,05-May,B,4,
0938-8249,Management International Review,IB,B,,3,S,3,1,B,04-May,A,3,B
1350-5076,Management Learning,Gen & Strat,B,,3,S,3,2,A,03-Sep,A,2,B
0025-1909,Management Science,"OR,MS,POM",A+,1,1*,P*,4*,2,A,07-Feb,A*,1*,A+
0143-6570,Managerial and Decision Economics,Economics,B,,3,,2,1,B,01-Feb,B,3,
0268-6902,Managerial Auditing Journal,F&A,C,,4,,2,1,B,03-Jan,A,3,
0307-4358,Managerial Finance,F&A,,,4,,1,1,C,01-May,B,4,
1463-6786,Manchester School,Economics,,,3,,2,1,B,01-Mar,B,,
1523-4614,Manufacturing and Service Operations Management,"OR,MS,POM",A,1,2,P*,3,2,A,8.0,A*,1,A
0308-597X,Marine Policy,Economics,,,,,2,2,,05-Aug,A,4,
1479-2931,Maritime Economics and Logistics,Economics,,,,S,1,1,,04-Feb,B,,
0263-4503,Marketing Intelligence and Planning,Marketing,D,,,,1,1,,04-Apr,A,,
0923-0645,Marketing Letters,Marketing,B,,2,P,3,2,A,03-May,A,2,B
0732-2399,Marketing Science,Marketing,A+,1,1,P*,4*,2,A,06-Mar,A*,1*,A+
1470-5931,Marketing Theory,Marketing,C,,3,,3,2,B,5.0,A,3,B
0960-1627,Mathematical Finance,F&A,B,,2,S,3,2,A,04-Feb,A,2,B
1432-2994,Mathematical Methods of Operations Research,"OR,MS,POM",B,,3,,1,2,B,01-Sep,,,
0025-5610,Mathematical Programming,"OR,MS,POM",A,,,,4,2,,06-Aug,,,
0165-4896,Mathematical Social Sciences,Economics,,,2,,2,1,A,01-Mar,A,,
0364-765X,Mathematics of Operations Research,"OR,MS,POM",A,,1,,3,2,A,03-Jun,A,,B
,,,,,,,,,,,,,
ISSN,Journal ,Subject area [Range highest to lowest],JourQual ,FT   ,Cnrs ,EJL ,ABS ,Den ,Hceres ,Scopus ,ABDC ,Fnege ,Meta 
,,,2015,2016,2020,2020,2021,2021,2021,CiteSc ,2022,2022,2023
,,, A+-D,1=Y,  1*-4,P*-S,4*-1,02-Jan,   A-C,2021,A*-C,1*-4, A+-B
0163-4437,"Media, Culture and Society",Comm,,,,,,2,,04-Apr,B,,
0887-378X,Milbank Quarterly,PSM,,,2,,3,1,A,4.0,B,2,B
1540-1960,MIS Quarterly Executive,"MIS, KM",B,,,M,2,2,B,11-Jun,A,3,B
0276-7783,MIS Quarterly: Management Information Systems,"MIS, KM",A+,1,1*,P*,4*,2,A,14-Jul,A*,1*,A+
1532-9194,MIT Sloan Management Review,Gen & Strat,C,1,,M*,3,2,A,04-Jun,A,2,B
0098-1818,Monthly Labor Review,"OS/OB,HRM/IR",,,4,,,,C,0.7,B,,
1525-383X,Multinational Business Review,IB,C,,3,M,2,,B,04-Aug,B,4,
0027-3171,Multivariate Behavioral Research,Psychology,B,,,,,1,,04-May,A,,
0027-9501,National Institute Economic Review,Economics,,,,,1,1,,01-May,B,,
0028-0283,National Tax Journal,Economics,A,,2,,2,1,A,,A,,B
0894-069X,Naval Research Logistics,"OR,MS,POM",B,,3,S,3,1,B,01-Aug,B,,B
0748-4526,Negotiation Journal,Gen & Strat,C,,,,2,1,,0.8,B,4,
0268-1072,"New Technology, Work and Employment","OS/OB,HRM/IR",,,,S,3,1,,05-Feb,A,3,B
0899-7640,Nonprofit and Voluntary Sector Quarterly,PSM,B,,3,S,3,1,B,03-May,A,2,B
1048-6682,Nonprofit Management & Leadership,PSM,B,,,,1,1,,03-Mar,B,4,
1092-0277,North American Actuarial Journal,F&A,,,4,,2,1,B,01-Jun,A,3,
0305-0483,OMEGA,"OR,MS,POM",B,,2,P,3,2,A,11-Jul,A,3,B
0030-364X,Operations Research,"OR,MS,POM",A+,1,1,P*,4*,2,A,04-Mar,A*,1*,A
0167-6377,Operations Research Letters,"OR,MS,POM",B,,2,S,2,2,A,01-Jul,A,,B
0171-6468,OR Spectrum,"OR,MS,POM",A,,3,S,3,1,B,,B,,B
1350-5084,Organization,"OS/OB,HRM/IR",B,,1,S,3,2,A,04-Aug,A,2,B
1086-0266,Organization and Environment,Gen & Strat,B,,2,S,3,2,A,05-Aug,A,3,B
1047-7039,Organization Science,"OS/OB,HRM/IR",A+,1,1,P*,4*,2,A,05-Jun,A*,1*,A+
0170-8406,Organization Studies,"OS/OB,HRM/IR",A,1,1,P*,4,2,A,07-Jul,A*,1,A
0749-5978,Organizational Behavior and Human Decision Processes,"OS/OB,HRM/IR",A,1,1,P*,4,2,A,04-Jun,A*,1,A
0090-2616,Organizational Dynamics,"OS/OB,HRM/IR",C,,2,S,3,1,A,02-Aug,A,2,B
2041-3866,Organizational Psychology Review,"OS/OB,HRM/IR",,,,,2,1,C,06-Jan,A,4,B
1094-4281,Organizational Research Methods,Gen & Strat,A,,2,P,4,2,A,13-Jul,A*,1,A
0305-9049,Oxford Bulletin of Economics and Statistics,Economics,,,2,,3,1,A,02-Feb,A,3,
0030-7653,Oxford Economic Papers,Economics,,,2,,3,1,A,2.0,A,3,
0266-903X,Oxford Review of Economic Policy,Economics,,,3,,2,1,B,07-Sep,A,,
0927-538X,Pacific Basin Finance Journal,F&A,,,4,S,2,1,B,03-Feb,A,3,B
1361-374X,Pacific Economic Review,Economics,,,3,,2,1,B,01-Apr,B,,
1056-8190,Papers in Regional Science,Economics,,,2,,3,1,A,03-Aug,A,3,
0191-8869,Personality and Individual Differences,Psychology,,,,,3,2,,04-Sep,A,,
0146-1672,Personality and Social Psychology Bulletin,Psychology,,,,,4,1,,06-Jan,A*,,
0031-5826,Personnel Psychology,"OS/OB,HRM/IR",A,,1,P,4*,2,A,10-Jun,A*,1,A
0048-3486,Personnel Review,"OS/OB,HRM/IR",D,,3,S,2,1,B,03-Aug,A,3,B
0031-8248,Philosophy of Science,Sociology,A,,,,,2,,01-Sep,,,
0305-5736,Policy and Politics,PSM,,,2,,3,2,A,05-Sep,A,3,B
0032-2687,Policy Sciences,PSM,,,,,1,2,,06-Mar,B,,B
0144-2872,Policy Studies,Gen & Strat,,,,,2,1,,02-Sep,B,,
0190-292X,Policy Studies Journal,PSM,,,,,,2,,07-Aug,B,,
1058-4609,Political Communication,Comm,,,,,,2,,08-Apr,A,,
1538-165X,Political Science Quarterly,PSM,,,,,,1,,02-Jun,A,,
0032-3217,Political Studies,Sociology,,,,,2,2,,4.0,B,,
1743-923X,Politics & Gender,Sociology,,,,,,2,,01-Aug,A,,
0032-3292,Politics and Society,PSM,,,,,3,2,,03-Feb,B,,B
1544-8444,"Population, Space and Place",Sociology,,,,,,1,,5.0,A,,
1059-1478,Production and Operations Management,"OR,MS,POM",A,1,,P*,4,2,A,05-Jul,A*,1,A
0953-7287,Production Planning and Control,"OR,MS,POM",C,,2,,3,2,A,08-Feb,A,2,B
0309-1325,Progress in Human Geography,Sociology,,,,,3,2,,12-Jul,,,
8756-9728,Project Management Journal,Gen & Strat,C,,3,,1,2,B,05-Jan,B,4,B
0810-9028,Prometheus,Comm,,,,,2,1,,,B,,
0033-2909,Psychological Bulletin,Psychology,,,,,4,2,,38.8,A*,,
1082-989X,Psychological Methods,Psychology,,,,,,2,,17.0,,,
0340-0727,Psychological Research,Psychology,,,,,3,2,,04-Mar,A,,
,,,,,,,,,,,,,
ISSN,Journal ,Subject area [Range highest to lowest],JourQual ,FT   ,Cnrs ,EJL ,ABS ,Den ,Hceres ,Scopus ,ABDC ,Fnege ,Meta 
,,,2015,2016,2020,2020,2021,2021,2021,CiteSc ,2022,2022,2023
,,, A+-D,1=Y,  1*-4,P*-S,4*-1,02-Jan,   A-C,2021,A*-C,1*-4, A+-B
0033-295X,Psychological Review,Psychology,,,,,4,2,,13-Aug,A*,,
0956-7976,Psychological Science,Psychology,,,,,4*,2,,10-Mar,A*,,
0742-6046,Psychology and Marketing,Marketing,B,,3,S,3,2,A,04-May,A,2,B
0361-6843,Psychology of Women Quarterly,"OS/OB,HRM/IR",,,,,3,1,,04-Jul,A,,B
0033-3123,Psychometrika,Psychology,,,,,3,2,,03-Jul,,,
0033-3298,Public Administration,PSM,B,,3,S,4,2,B,03-Sep,A,2,B
0271-2075,Public Administration and Development,PSM,,,3,,2,1,B,02-Aug,A,3,
0734-9149,Public Administration Quarterly,PSM,C,,,,1,1,,,A,,
0033-3352,Public Administration Review,PSM,B,,1,S,4*,2,A,07-Mar,A,1,A
0048-5829,Public Choice,PSM,,,1,,3,2,A,02-Jan,A,,B
1091-1421,Public Finance Review,Economics,B,,4,,,1,C,01-May,B,,
1471-9037,Public Management Review,PSM,,,2,,4,2,A,06-Apr,A,3,B
0954-0962,Public Money and Management,PSM,C,,3,,2,1,B,02-Mar,B,3,
0033-362X,Public Opinion Quarterly,Marketing,,,,,3,2,,05-Jan,A,,B
0363-8111,Public Relations Review,Marketing,,,,,,1,,05-Jun,A,,
0963-6625,Public Understanding of Science,Innovation,,,,,,2,,05-Mar,,,
1352-2752,Qualitative Market Research,Marketing,C,,4,,2,1,C,02-May,B,4,
1176-6093,Qualitative Research in Accounting and Management,F&A,,,4,,2,1,C,2.0,A,4,
0033-5177,Quality and Quantity,"OR,MS,POM",,,,,,1,,04-Jun,B,,
1068-6967,Quality Management Journal,"OR,MS,POM",,,4,,,1,C,02-Mar,B,,
1759-7323,Quantitative Economics,Economics,,,1,,4,2,A,3.0,A*,,
1469-7688,Quantitative Finance,F&A,B,,3,S,3,1,B,02-Aug,A,3,B
1570-7156,Quantitative Marketing and Economics,Marketing,B,,3,P,3,2,A,01-Sep,A,2,B
0033-5533,Quarterly Journal of Economics,Economics,,1,1*,,4*,3,A,21-Mar,A*,1*,
1747-0218,Quarterly Journal of Experimental Psychology,Psychology,,,,,3,1,,03-Sep,A,,
2010-1392,Quarterly Journal of Finance,F&A,,,,,1,,,01-Aug,A,,
0747-5535,Quarterly Journal of Finance and Accounting,Economics,,,,,,1,,,B,,
1062-9769,Quarterly Review of Economics and Finance,Economics,B,,3,,2,1,B,03-Feb,B,4,
0257-0130,Queueing Systems,"OR,MS,POM",,,,,2,1,,01-Aug,,,
0033-6807,R and D Management,Innovation,B,,3,S,3,2,A,06-Jun,A,2,B
0741-6261,RAND Journal of Economics,Economics,A,,1,,4,2,A,3.0,A*,1,A
1080-8620,Real Estate Economics,Economics,,,3,S,3,1,B,03-Feb,A,3,
0166-0462,Regional Science and Urban Economics,Economics,,,2,,3,1,A,03-Mar,A,3,
0034-3404,Regional Studies,PSM,,,2,,4,2,A,7.0,A*,2,A
1748-5991,Regulation and Governance,PSM,,,,,3,,,05-May,A,,
0951-8320,Reliability Engineering and System Safety,"OR,MS,POM",,,,,3,1,,09-Mar,A,,B
1052-0457,Research in Accounting Regulation,F&A,C,,,,2,,,,B,,
0275-5319,Research in International Business and Finance,F&A,,,4,,2,1,C,04-Sep,B,3,
0191-3085,Research in Organizational Behavior,"OS/OB,HRM/IR",B,,2,,3,1,A,08-May,A,2,B
0742-7301,Research in Personnel and Human Resources Manageme,"OS/OB,HRM/IR",,,,,1,,,02-Jul,,,
0733-558X,Research in the Sociology of Organizations,Sociology,B,,3,,3,1,,02-Aug,A,,B
0048-7333,Research Policy,Economics,A,1,1,P*,4*,2,A,11-Apr,A*,1*,A
0895-6308,Research Technology Management,"OR,MS,POM",C,,,S,2,1,,03-Mar,A,3,B
1380-6653,Review of Accounting Studies,F&A,A,1,2,P*,4,2,A,05-Mar,A*,1,A
2045-9920,Review of Asset Pricing Studies,F&A,,,,PA,3,2,C,02-Aug,A*,4,A
2046-9128,Review of Corporate Finance Studies,F&A,,,,PA,3,2,B,4.0,A*,3,A
1380-6645,Review of Derivatives Research,F&A,A,,4,,2,1,B,1.0,B,3,
1094-2025,Review of Economic Dynamics,Economics,,,2,,3,2,A,02-Aug,A*,2,
0034-6527,Review of Economic Studies,Economics,,1,1*,,4*,3,A,07-Aug,A*,1*,
0034-6535,Review of Economics and Statistics,Economics,,,1,,4,2,A,08-Mar,A*,1,
1569-5239,Review of Economics of the Household,Economics,,,3,,2,1,B,02-May,A,,
1572-3097,Review of Finance,F&A,A,1,1,P*,4,2,A,06-Jun,A*,1,A
1058-3300,Review of Financial Economics,F&A,B,,4,,1,1,C,01-Jun,B,4,
0893-9454,Review of Financial Studies,F&A,A+,1,1,P*,4*,2,A,09-Feb,A*,1*,A+
1475-4991,Review of Income and Wealth,Economics,,,2,,3,1,A,03-Jan,A,,
0889-938X,Review of Industrial Organization,Economics,,,2,S,2,1,A,01-Mar,A,3,
0965-7576,Review of International Economics,Economics,,,2,,2,1,A,01-Feb,A,3,
,,,,,,,,,,,,,
ISSN,Journal ,Subject area [Range highest to lowest],JourQual ,FT   ,Cnrs ,EJL ,ABS ,Den ,Hceres ,Scopus ,ABDC ,Fnege ,Meta 
,,,2015,2016,2020,2020,2021,2021,2021,CiteSc ,2022,2022,2023
,,, A+-D,1=Y,  1*-4,P*-S,4*-1,02-Jan,   A-C,2021,A*-C,1*-4, A+-B
1863-6683,Review of Managerial Science,Gen & Strat,B,,4,,2,1,C,6.0,,4,
0924-865X,Review of Quantitative Finance and Accounting,F&A,B,,4,,3,1,B,02-Jun,B,3,
0034-6764,Review of Social Economy,Economics,,,3,,2,1,B,01-Jun,B,,
1610-2878,Review of World Economics,Economics,,,2,,2,1,A,01-Jul,B,,
0338-4551,Revue Francaise de Gestion,Gen & Strat,,,3,,,1,A,0.6,,2,
1539-6924,Risk Analysis,Sociology,,,,,4,1,,6.0,,,
0925-7535,Safety Science,"OR,MS,POM",,,,,,2,,07-Aug,A,,
0347-0520,Scandinavian Journal of Economics,Economics,,,2,,3,2,A,02-May,A,3,
1502-2250 ,Scandinavian Journal of Hospitality and Tourism,Tourism,,,,,2,1,,05-Sep,A,,
0905-0167,Scandinavian Journal of Information Systems,"MIS, KM",C,,,,2,2,,01-Mar,A,,B
0956-5221,Scandinavian Journal of Management,Gen & Strat,B,,3,S,2,2,B,03-Jul,B,3,B
1439-2917,Schmalenbach Business Review,Gen & Strat,B,,,,2,1,,,,4,
0302-3427,Science and Public Policy,Innovation,,,,,2,2,,03-Apr,C,,
1075-5470,Science Communication,Comm,,,,,,2,,05-Feb,A,,
0162-2439,Science Technology and Human Values,Innovation,,,,,2,2,,04-Sep,A,,B
0138-9130,Scientometrics,Innovation,,,,,2,2,,05-Feb,A,,B
0036-9292,Scottish Journal of Political Economy,Economics,,,3,,2,1,B,01-Mar,A,,
0264-2069,Service Industries Journal,"OR,MS,POM",C,,,S,2,1,,06-Apr,B,4,B
1533-2969,Services Marketing Quarterly,Marketing,,,,,1,1,,01-May,B,,
0036-1399,SIAM Journal on Applied Mathematics,F&A,,,,,,2,,02-Sep,A,,
0097-5397,SIAM Journal on Computing,"MIS, KM",A,,,,,2,,04-Apr,C,,
0363-0129,SIAM Journal on Control and Optimization,"OR,MS,POM",,,,,,2,,03-Sep,,,
0036-1410,SIAM Journal on Mathematical Analysis,F&A,,,,,,2,,02-Jul,,,
1052-6234,SIAM Journal on Optimization,"OR,MS,POM",,,,,3,2,,04-Aug,,,
0036-1445,SIAM review,"OR,MS,POM",,,,,,2,,24-Apr,,,
0921-898X,Small Business Economics,Entrep,B,,2,P,3,2,A,08-Aug,A,2,B
1046-4964,Small Group Research,"OS/OB,HRM/IR",,,,,2,1,,03-Sep,A,4,
0176-1714,Social Choice and Welfare,Sociology,,,1,,3,1,A,01-Sep,A,,
0144-5596,Social Policy and Administration,PSM,,,,,2,2,,03-Jul,A,,B
0037-7791,Social Problems,Sociology,,,,,,2,,04-Jan,A,,
1948-5506,Social Psychological and Personality Science,Psychology,,,,,3,,,07-Sep,B,,
0277-9536,Social Science and Medicine,Sociology,,,1,,4,2,A,06-Jan,,2,
0038-4941,Social Science Quarterly,Sociology,,,,,,1,,01-Jun,B,,
0037-7961,Social Service Review,PSM,,,,,,2,,02-Apr,B,,
0306-3127,Social Studies of Science,Innovation,,,,,2,2,,06-Jun,,,
0038-0121,Socio-Economic Planning Sciences,Economics,,,,,2,1,,04-Sep,C,4,
1475-1461,Socio-Economic Review,Economics,B,,3,,3,2,B,05-Jun,A,2,B
1475-682X,Sociological Inquiry,Sociology,,,,,,1,,01-Jun,A,,
0081-1750,Sociological Methodology,Sociology,,,,,3,2,,02-May,A,,
0049-1241,Sociological Methods and Research,Sociology,,,,,,2,B,7.0,A,4,
0038-0261,Sociological Review,Sociology,,,,,3,2,,04-Jan,A,,
0735-2751,Sociological Theory,Sociology,,,,,,2,,04-Mar,A,,
0038-0296,Sociologie du Travail,Sociology,,,,,2,1,,0.6,B,,
0038-0385,Sociology,Sociology,,,,,4,2,,05-Jul,A*,2,
1467-9566,Sociology of Health and Illness,Sociology,,,,,4,2,,4.0,,,
0741-1235,Sociology of Sport Journal,Sociology,,,,,,1,,02-Jun,A,,
0038-4038,Southern Economic Journal,Economics,,,2,,2,1,A,01-Jul,A,,
1441-3523,Sport Management Review,Gen & Strat,,,,,2,1,,06-May,A,4,B
1086-1718,Strategic Change,Gen & Strat,,,4,,2,,C,03-May,,4,
1932-4391,Strategic Entrepreneurship Journal,Gen & Strat,A,1,2,P,4,2,A,10-Feb,A,1,A
0143-2095,Strategic Management Journal,Gen & Strat,A,1,1*,P*,4*,2,A,12-May,A*,1*,A+
1476-1270,Strategic Organization,Gen & Strat,B,,2,P,3,2,A,7.0,A,2,B
2333-2050,Strategy Science,Gen & Strat,,,3,,,1,B,,A,,B
1532-3005,Stress and Health,"OS/OB,HRM/IR",,,,,2,1,,5.0,A,,
1070-5511,Structural Equation Modeling,Marketing,B,,,,,1,,05-Aug,A,,
0039-3606,Studies in Comparative International Development,Sociology,,,,,,1,,02-Feb,A,,
0307-5079,Studies in Higher Education,Education,,,,,3,2,,06-Aug,A,,
,,,,,,,,,,,,,
ISSN,Journal ,Subject area [Range highest to lowest],JourQual ,FT   ,Cnrs ,EJL ,ABS ,Den ,Hceres ,Scopus ,ABDC ,Fnege ,Meta 
,,,2015,2016,2020,2020,2021,2021,2021,CiteSc ,2022,2022,2023
,,, A+-D,1=Y,  1*-4,P*-S,4*-1,02-Jan,   A-C,2021,A*-C,1*-4, A+-B
1359-8546,Supply Chain Management,"OR,MS,POM",B,,3,S,3,2,A,09-Mar,A,2,B
0040-1625,Technological Forecasting and Social Change,Innovation,B,,2,S,3,1,A,12-Jan,A,2,B
0953-7325,Technology Analysis and Strategic Management,Gen & Strat,C,,3,S,2,1,B,04-Jan,B,3,
0040-1706,Technometrics,"OR,MS,POM",,,,,,2,,04-Feb,A,,
0166-4972,Technovation,Innovation,C,,2,S,3,2,A,10-Apr,A,2,B
0308-5961,Telecommunications Policy,"MIS, KM",C,,4,,1,1,C,05-Jan,,4,
0003-1232,The American Sociologist,Sociology,,,,,,1,,01-Mar,B,,
0021-8863,The Journal of Applied Behavioral Science,Psychology,B,,3,,2,1,B,3.0,B,3,
1933-6837,Theoretical Economics,Economics,,,1,,4,2,A,02-Aug,A*,,
0040-5833,Theory and Decision,"OR,MS,POM",B,,2,,2,1,A,01-Jun,A,,B
0263-2764,"Theory, Culture and Society",Gen & Strat,,,,,3,2,,04-Aug,A,3,B
0143-6597,Third World Quarterly,Sociology,,,3,,2,1,B,03-May,A,,
1096-4762,Thunderbird International Business Review,IB,C,,4,,2,1,C,03-Aug,B,4,
1478-3363,Total Quality Management and Business Excellence,"OR,MS,POM",,,4,S,2,1,C,06-Feb,C,4,
1083-5423,Tourism Analysis,Tourism,,,,,2,1,,02-Mar,A,4,
1354-8166,Tourism Economics,Economics; Tourism,,,4,,2,1,C,04-Feb,A,4,
0261-5177,Tourism Management,Tourism,,,2,,4,2,A,16-May,A*,1,
2211-9736 ,Tourism Management Perspectives,Tourism,,,,,2,1,,06-Aug,A,4,
2156-8316,Tourism Planning and Development,Tourism,,,,,2,,,,B,4,
0041-0020,Town Planning Review,PSM,,,,,2,2,,01-Sep,,,
1014-9562,Transnational Corporations,"Economics, IB",D,,,S,2,1,,04-Mar,,,
0967-070X,Transport Policy,"OR,MS,POM",,,3,,2,2,B,06-Sep,A,3,B
0144-1647,Transport Reviews,"OR,MS,POM",,,3,S,2,2,B,14-Mar,A,3,B
0049-4488,Transportation,"OR,MS,POM",C,,,S,2,2,,07-May,A,4,B
0965-8564,"Transportation Research, Part A: Policy and Practice","OR,MS,POM",B,,2,S,3,2,A,08-May,A*,2,A
0191-2615,"Transportation Research, Part B: Methodological","OR,MS,POM",B,,2,,n/a,2,A,n/a,A*,1,
0968-090X,"Transportation Research, Part C: Emerging Technologies","OR,MS,POM",,,,S,,2,,n/a,A*,,
1361-9209,"Transportation Research, Part D: Transport and Environm","eOR,MS,POM",B,,3,S,3,2,B,09-Jan,A,2,B
1366-5545,"Transportation Research, Part E: Logistics and Transporta","tOR,MS,POM",B,,2,P,3,2,A,09-Mar,A*,2,A
0041-1655,Transportation Science,"OR,MS,POM",A,,2,P*,3,2,A,06-Jun,A,,B
0042-0980,Urban Studies,PSM,,,2,,3,2,A,06-Jun,A*,2,A
0957-8765,VOLUNTAS,PSM,B,,,,2,1,C,03-Feb,B,4,
0140-2382,West European Politics,Sociology,,,,,3,2,,05-Sep,B,,
0730-8884,Work and Occupations,"OS/OB,HRM/IR",,,3,,3,2,B,05-Mar,A,3,B
0267-8373,Work and Stress,"OS/OB,HRM/IR",,,3,,4,2,B,07-Jul,A,3,B
0950-0170,"Work, Employment and Society","OS/OB,HRM/IR",B,,3,S,4,2,A,05-Apr,A,2,B
0258-6770,World Bank Economic Review,Economics,,,1,,3,1,A,03-Apr,A,2,
0257-3032,World Bank Research Observer,Economics,,,,,2,1,,06-Jan,B,,
0305-750X,World Development,Economics,,,1,,3,2,A,08-Apr,A,2,
0378-5920,World Economy,Economics,,,2,,2,1,A,2.0,A,,
0741-0883,Written Communication,Comm,,,,,,2,,03-Jan,B,,
0340-1804,Zeitschrift fur Soziologie,Sociology,,,,,,2,,01-Jul,,,