paper,response_id,reasoning_id,reasoning_summary,input_tokens,output_tokens,reasoning_tokens,model
Acemoglu et al. 2024,resp_68cfd9ca2cc0819489d8dfd9216d2b0105d8792e247ecc43,rs_68cfd9d2155881948f83bd7426ef2bb305d8792e247ecc43,"**Evaluating assessment metrics**

I need to produce quantitative assessment metrics for a large-scale political economy paper involving online experiments during the 2023 elections in Turkey. The authors are well-known, and their methods include RCT design with significant voter samples. I’ll evaluate the claims, methods, advancing knowledge, logic, open science, and global relevance in terms of percentile scores. For example, I’m considering 90 for claims evidence and 70 for open science. The overall score seems to settle around 86 with a range of 80-92. Now, I’ll format this into JSON.",48404,641,192,o3
Aghion et al. 2017,resp_68cfda1799a88195bd548c0f4f8c24260b0edda648b8e16c,rs_68cfda1dd40c81959437431f42a3a60b0b0edda648b8e16c,,30806,585,192,o3
Akram et al. 2017,resp_68cfda663160819ea048133e80177c680e3d431a8d1c0e78,rs_68cfda844a78819e93909bcb2e4b2bef0e3d431a8d1c0e78,,53793,469,0,o3
Alatas et al. 2019,resp_68cfdacbb60081928ec9f1ed6e69298c0ff8fadb69530d94,rs_68cfdad2d74c8192b3293e99da32ca7f0ff8fadb69530d94,,35225,666,256,o3
Alcott et al. 2024,resp_68cfdb20773081948df05d143cbf9d01029e463de39617c6,rs_68cfdb2775e48194a5ec3298b7f46986029e463de39617c6,"**Evaluating paper metrics**

I need to assess the quality of a paper, focusing on various metrics: overall quality, claims and evidence, methods, advancing knowledge, logic and communication, open science, and global relevance. 

The paper presents strong theoretical and empirical contributions through rigorous experimental design and two experiments, despite some limitations. I'll provide percentiles: overall around 80, with specific scores for each category: claims and evidence at 78, methods at 82, advancing knowledge at 80, logic and communication at 85, open science at 77, and global relevance at 65. Now, I’ll craft the rationales.",49797,577,192,o3
Angrist et al. 2023,resp_68cfdb6f6618819583207757fca202f108edccf1a150751e,rs_68cfdb74e8c0819583232d21b544525108edccf1a150751e,"**Evaluating paper metrics**

I'm evaluating paper metrics and focusing on the content without overwhelming detail. I have a structure in mind for the metrics, including overall quality, claims evidence, methods, knowledge advancement, logic communication, open science, and global relevance. The paper is about a multi-country RCT on phone-based tutoring in emergencies. The overall quality is high, with scores around 80% for claims evidence and methods. However, open science is uncertain, scoring a moderate 50. Global relevance is high at 90.",33156,645,256,o3
Arora et al. 2023,resp_68cfdbc2cedc8196828165bb2fbcd2bc0a03ffc22d5294d9,rs_68cfdbca0d708196a91c3de73a38b36f0a03ffc22d5294d9,,56809,642,192,o3
Bahar et al. 2022,resp_68cfdc128f988194817c0f82a66a7ca105ed41e6064c8fe1,rs_68cfdc1a7ed8819485ae970bc13cc69005ed41e6064c8fe1,"**Evaluating paper metrics**

I need to create a JSON assessment for the paper titled ""Legalizing Entrepreneurship,"" which examines the Colombian PEP visa's impact on Venezuelan migrants. I'll evaluate metrics like overall quality, claims evidence, methods, and communication. For example, I’ll give overall quality a score of 75 and methods an 80. I'm also considering global relevance at 85, while open science may score lower at 40 due to uncertainty about data sharing. I’ll define intervals for these scores and provide rationales. Let's get started on crafting the JSON.",35945,515,128,o3
Banerjee et al. 2022,resp_68cfdc60bc9c819e97450c8ec6f3a3610471bb507bc15a6c,rs_68cfdc6a7768819e861bea40fe36f29a0471bb507bc15a6c,"**Evaluating paper scores**

I need to provide evaluation metric scores for a substantial paper on a new methodology, TVA, related to policy selection in an immunization trial in Haryana. I’m considering different criteria for scores, like an overall score of 85, claims evidence at 80, and methods at 88. I think the advancing knowledge score could be 82, while logic communication might be 85. For open science, I’m hesitant—maybe a 70 due to possible issues with public data. Global relevance seems high at 90. I’ll also think about credible intervals.",61737,474,64,o3
Banerjee et al. 2023,resp_68cfdcb4e3a8819fad85ec0d32042ed10bfbdb2e8177a490,rs_68cfdcbaf4a8819f901724b56d0f02a40bfbdb2e8177a490,,43187,688,256,o3
Barberio et al. 2022,resp_68cfdd01465c81969dcda5514912e82205bdce2f5c8541e9,rs_68cfdd0642bc8196b13e7b4523000de505bdce2f5c8541e9,,24219,649,256,o3
Barker et al. 2021,resp_68cfdd4d01fc81949d0b7c0c197bb4c5041d62d97af446b2,rs_68cfdd4f4d6c8194a9f69d9d88f960b7041d62d97af446b2,"**Evaluating paper assessment metrics**

I need to create metrics for evaluating this paper based on several criteria: overall quality, claims and evidence, methods used, knowledge advancement, clarity in logic and communication, open science practices, and global relevance. 

The paper appears strong, focusing on a large-scale evaluation of CBT in Ghana's mental health. Its methods seem rigorous, but pre-registration isn't clear. Scores might be: Overall 75%, Claims and evidence 80%, Methods 80%, Knowledge advancement 75%, Logic and communication 70-75%, Open science 60%, Global relevance 85%. Now, I’ll craft the JSON accordingly.",28867,602,192,o3
Bergeron et al. 2024,resp_68cfdd97a34c8197aba390058c4ac8ef02352cbe455ea84f,rs_68cfdda980dc819784904edfefdd962702352cbe455ea84f,,63641,533,128,o3
Bettle 2023,resp_68cfddef985081a3abe3f3ee3d19b2eb0ef757e9b7c111c7,rs_68cfddf45d9481a3b9886cc7383bf9700ef757e9b7c111c7,"**Assessing methodology document**

I’m evaluating a document titled ""Replicability & Generalisability: A Guide to CEA Discounts"" by Rosie Bettle. It’s a research guide, not an empirical study, but it still contributes to methodology discussions. I need to score it on various metrics like overall quality, claims evidence, methods, advancing knowledge, logic, open science, and global relevance. I'll approach each section with clear rationales, focusing on percentiles compared to similar research from the last three years. For instance, claims evidence appears to score around the 55th percentile for moderate strength.",21489,874,384,o3
Bhat et al. 2022,resp_68cfde3fb2e0819cbc7473f007781ed505283b6c740015bd,rs_68cfde4cb068819cb6e889b5c18c808005283b6c740015bd,,64012,637,192,o3
Bhattacharya and Packalen 2020,resp_68cfde96230881a3bf0cd8f23c8045af095ac3edbe3a8071,rs_68cfde9a7aec81a3b5f74890d705d426095ac3edbe3a8071,"**Evaluating the paper metrics**

I need to evaluate the paper based on multiple metrics: overall, claims evidence, methods, advancing knowledge, logic communication, open science, and global relevance. It's a conceptual piece, not heavily empirical. For each metric, I’ll provide a brief rationale to keep within the word limit. 

Based on my judgments, the overall score is around 50, considering moderate scores across various aspects. I'll include confidence intervals to clarify reliability. It’s time to put this into a structured format!",23482,568,192,o3
Bilal and Kaenzig 2024,resp_68cfdf20f2ac819ea41bc8f9bba5bb590343c1d7372b5096,rs_68cfdf2cb974819e9116c43e310dd67a0343c1d7372b5096,,55221,536,192,o3
Blimpo and Castaneda-Dower 2025,resp_68cfdf7266cc819f82c8b72fd49c676c0e717d98fb88027b,rs_68cfdf7f4f70819f9e46089a47c791ac0e717d98fb88027b,"**Evaluating research quality**

I need to evaluate the research paper based on several metrics: overall quality, claims versus evidence, methods, contribution to knowledge, logical communication, open science practices, and global relevance. The study is a randomized controlled trial involving 383 informal firms in Lomé, Togo, focused on civic information training about tax obligations. Though the methods are decent, the sample size is relatively small, relying on self-reported outcomes, which raises some questions about data reliability. The claims about participation and revenue have some supporting evidence, but the reliance on self-reporting is a concern.",23433,751,320,o3
Bruers 2021,resp_68cfdfc765108197b9a2fa0b26729a1103099d7813af114c,rs_68cfdfcb89088197b22c9f7bf46cecda03099d7813af114c,"**Evaluating metrics for paper**

I need to evaluate the paper and provide percentile metrics across several categories, including overall performance, claims evidence, methods, and advancing knowledge, among others. The paper surveys hypothetical scenarios in Belgium to estimate animal welfare costs associated with meat. It has 500 participants, but the methods have significant biases and limitations. The claims about animal welfare costs exceed consumer utility are weak, so I’ll reflect these insights and rationales concisely in a structured format!",19836,814,384,o3
Buntaine et al. 2023,resp_68cfe019a8d4819faaf7b6bbabe93abc094f80f6e2e815b9,rs_68cfe0219378819fa9146bca11956926094f80f6e2e815b9,,30958,609,192,o3
Carson et al. 2023,resp_68cfe0696cf481a1ab16736db9f6230c0d0d7fabb76de64a,rs_68cfe06e64ac81a194cb61aac92a75ed0d0d7fabb76de64a,"**Assessing the paper**

I need to evaluate the paper titled ""Choose Your Moments: Peer Review and Scientific Risk Taking."" The assessment metrics will include overall quality, claims and evidence, methods, advancement of knowledge, logic and communication, open science, and global relevance. The paper conducts experiments to identify preferences for review score variance among biomedical scientists. Some limitations include a low response rate and hypothetical scenarios, but the contributions are still significant. I'll assign percentiles to each metric based on my evaluation and determine an overall average of around 66, adding credible interval widths too.",19497,604,192,o3
Caviola et al. 2022,resp_68cfe0b4001481a083d3b3879bd868710174b56b83325380,rs_68cfe0b9a1d481a09c490b65dc6dc4660174b56b83325380,,45093,687,256,o3
Chuard et al. 2022,resp_68cfe0fee1ac8191bc323b34d09c7a290fffb6946f1ababa,rs_68cfe108b0988191930210be47486caf0fffb6946f1ababa,,23942,674,256,o3
Clancy 2024,resp_68cfe152e2a08193aedae1c58bdf6c5c0b3c08fd344f10e4,rs_68cfe20a708481938c4b5a95dfa530570b3c08fd344f10e4,,69813,535,128,o3
Crawfurd et al. 2023,resp_68cfe251e7cc819d8312635da3a208d4054b390dcd4d8f90,rs_68cfe25aa4b8819d9663affe15d8e034054b390dcd4d8f90,,32445,799,320,o3
Denkenberger et al. 2022,resp_68cfe2aabb6c81a2915b475867d80bf1041a7afeba8a9e55,rs_68cfe2b2c6d881a2a1839bc30a73edbb041a7afeba8a9e55,"**Assessing paper metrics**

I need to quickly evaluate the paper using seven metrics while giving quantitative assessments. We're focusing on disaster risk reduction and existential risk cost-effectiveness over the last three years. 

For overall quality, I'm thinking around the 70th percentile. The claims evidence might sit at 40-45 due to reliance on speculative parameters. Methods might land around 45 for similar reasons. Knowledge advancement could be 65 since it's a novel comparison. Logical communication seems solid at 70, while open science looks good at 80. Global relevance is high—maybe 85. Computing the average gives about 65, but if claims and methods weigh heavier, it might be lower. Let's go with that.",32850,647,256,o3
Epperson and Gerster 2024,resp_68cfe2fc71ac81929eebf72f356264570a8011086d6f09b2,rs_68cfe3041b34819290330c7f8a13a5860a8011086d6f09b2,,43169,511,128,o3
Fangwa et al. 2023,resp_68cfe34a9b0481948017208461e302410c7ecf21b22d378a,rs_68cfe35152fc819486be0bbf628030ae0c7ecf21b22d378a,"**Evaluating paper metrics**

I’m breaking down the evaluation of a working paper on a randomized program in health centers in DRC. I’ll assess metrics like claims and evidence, methods, advancing knowledge, logic and communication, open science, and global relevance. The methods are robust with good evidence, but open science is moderate due to lacking full code. I'll score accordingly: claims and evidence 80, methods 78, logic and communication 82, advancing knowledge 75, open science 60, and global relevance 90. The overall average is about 78.",31960,518,128,o3
Frech et al. 2023,resp_68cfe39b283081a287c8a79a212a6e65035ec3755032e4c2,rs_68cfe3a3133c81a2968ada80596612ec035ec3755032e4c2,"**Assessing the paper's metrics**

I need to evaluate the NBER working paper on pharmaceutical pricing and R&D as a global public good. I'll create JSON metrics that cover aspects like overall quality, evidence claims, methods, and relevance. I’m considering other health policy papers from the last three years for comparison. The paper offers a decent theoretical framework but isn't groundbreaking. I think I’ll assign percentiles: overall 60%, claims evidence 55%, methods 50%, advancing knowledge 60%, and logic communication 75%.",23857,642,256,o3
Giglio et al. 2023,resp_68cfe3eb9fc8819dba5432cbe7491a310e95e846012fdac7,rs_68cfe3f395dc819dbfbbfa29a66e4d290e95e846012fdac7,,30457,579,128,o3
Green et al. 2025,resp_68cfe4383a5481a2a3f11965181b267501996521b63b222c,rs_68cfe43b97fc81a2856308aac6bd558001996521b63b222c,"**Evaluating the paper metrics**

I need to evaluate the paper using certain metrics: overall, claims_evidence, methods, advancing_knowledge, logic_communication, open_science, and global_relevance. Each metric will have its own scoring and rationale while considering the paper as a meta-analysis of interventions to reduce meat consumption. It has decent rigor but a limited dataset. I perceive the respective scores as: overall 65, claims_evidence 70, methods 75, advancing knowledge 60, logic_communication 70, open_science 80, and global relevance 75. Now, I'll prepare the JSON format.",20121,564,192,o3
Hahn et al. 2025,resp_68cfe48255d08190a794a07b0064c34f0ea1781d002f00e6,rs_68cfe48f357081908f58748d112d0d720ea1781d002f00e6,"**Creating evaluation metrics**

I need to generate a JSON object following the specific schema for paper assessment. The components will include overall metrics like midpoint, lower bound, and upper bound, along with rationales for each. As an evaluator of a paper analyzing welfare policies impacting climate change, I’ll assign percentile judgments. For example, I might rate overall at 85, claims and evidence high, methods at 80, and communication logic at 90. Open science accessibility is 75 due to the mention of GitHub, while global relevance could be set at 80. Now, I'll work on rationales.",122529,481,64,o3
Haushofer et al. 2020,resp_68cfe4d766d08193946a242afb32cd650ea2962cef09af03,rs_68cfe4df228881938de5b58c3144eebf0ea2962cef09af03,"**Evaluating paper metrics**

I need to evaluate the paper and focus on several metrics like overall quality, claims and evidence, methods, advancing knowledge, and more. It looks like this is a solid working paper, so I'd estimate methods around 80% and claims evidence at about 75%. Advancing knowledge might be around 70% since it introduces some null results, while logic and communication could hit 80%. For open science, they seem to follow good practices, so maybe a 70%. Global relevance could be about 85% due to its focus on poverty and mental health. Overall, I’d expect a mean score of 77, with intervals of ±10%.",42825,595,128,o3
Hill et al. 2024,resp_68cfe529b4a08196837259204412f3b10cf56d5eeb05682b,rs_68cfe5352b888196b621e21e2c3bbf700cf56d5eeb05682b,,39311,603,192,o3
Jack et al. 2022,resp_68cfe57fd16c8197b77eeb128e3d662808407945770f00f0,rs_68cfe584b1788197b1f962c043e486c708407945770f00f0,,29843,541,128,o3
Jaroszewicz et al. 2024,resp_68cfe5d110188193b98acf5995d795de0160d70c24b0711e,rs_68cfe5de49108193aee4ff8420dfff020160d70c24b0711e,,80737,703,192,o3
Kremer et al. 2020,resp_68cfe63a487481a092a4858e906bfa760f7de801c73aae2a,rs_68cfe63c001481a09c13ed5359c820870f7de801c73aae2a,,5918,666,320,o3
Kremer et al. 2022,resp_68cfe6836c9c81a1a85f409df1dc9f820a068a4577fa4a53,rs_68cfe68d068c81a1b97e36f24306ee3d0a068a4577fa4a53,,50957,612,128,o3
Kubo et al. 2023,resp_68cfe6d9d39081948150c9cc9f0f142d082e2f0696179485,rs_68cfe6e0ba188194866113475f3c5549082e2f0696179485,"**Evaluating wildlife trade research**

I need to evaluate the paper ""Banning wildlife trade can boost demand for unregulated threatened species"" using different metrics. 

For evidence, the authors examined a spillover effect of a trade ban, using solid data but limited to online auctions, so I’d rate that around 70. The methods used are mostly appropriate but have some limitations; I’d give it a 75. It's an innovative contribution to conservation policy, so that’s an 80. Communication in the paper is clear, rating it at 80, and they plan to share their dataset, earning an 85, though there are potential restrictions. Overall, I’d say 80 overall.",18733,592,192,o3
Liang et al. 2021,resp_68cfe728c3a481a39304a32ed3fd38ac04f892ac2332c474,rs_68cfe732a33481a3bbc297c65b23217d04f892ac2332c474,"**Filling metrics summary**

I’m working on a metrics summary based on the paper I reviewed. Overall quality seems strong due to causal identification and a big dataset, so I’m estimating about 75-85 percentile. For claims evidence, I’m thinking 80, since there’s robust causal links. The methods look solid, but with some measurement errors, so also an 80. The advancing knowledge score can be around 75, as it connects economic growth to biodiversity. Logic communication seems structured yet complex, so I’m thinking 75 for that, too. Open science appears moderate at 60, and global relevance is about 65. Overall, I'll calculate the midpoint as 72.5.",60454,691,256,o3
McGuire et al. 2024,resp_68cfe77de2f88195bb0012c2e7eeadfe03272736c0caa13b,rs_68cfe78a1cc08195a3e66729cf86b64e03272736c0caa13b,"**Evaluating paper metrics**

I need to assess the provided paper on the wellbeing cost-effectiveness of StrongMinds and Friendship Bench, outputting JSON with specified metrics like overall scoring, claims evidence, and methods. I’m considering rankings based on serious research in this area over the past three years and allocating midpoints accordingly. For example, I might rate overall at 80th percentile due to strong analysis, while addressing claims evidence at 75, methods at 78, and global relevance at 85, all with various rationales and bounds.",54216,696,192,o3
Naidu et al. 2023,resp_68cfe7d31ed881928eab5e864083bd8c09b55c5f727881be,rs_68cfe7da3f6c8192b67e9693d5dd2c7609b55c5f727881be,"**Evaluating the paper**

I need to evaluate the paper titled ""Benefits and Costs of Guest Worker Programs: Experimental Evidence from India-UAE migration corridor"" and provide percentile ratings with credible intervals at 90% for each metric. 

For the overall score, I’m considering around the 80th percentile due to strong evidence from a large sample. Methodologically, I lean toward 80, acknowledging attrition challenges. For advancing knowledge, I think 78 seems fair, while communication logic might merit 85. Open science practices seem unclear, so maybe 60. Lastly, I'll rate global relevance at 90. I’ll also craft the credible intervals accordingly.",38951,488,128,o3
Salazar and Restrepo 2024,resp_68cfe81f5568819f9d4600ed591b80f7052ff3fbc13b5c09,rs_68cfe8284b28819fb69fc8f4d7739d99052ff3fbc13b5c09,"**Calculating evaluation scores**

I’m reflecting on the evaluations, noting that they are long and technical but necessary for understanding my analysis. I’m allocating percentiles based on the last three years of literature in environmental economics modeling. Overall, I'm concluding a score of 70. The individual scores are: claims evidence 65, methods 75, advancing knowledge 70, logic communication 72, open science 55, and global relevance 80. Computing the mean gives 69.5, rounded to 70. I’ll work on generating some rationales now!",31426,833,384,o3
Schuett et al. 2023,resp_68cfe872e3248197a2c5b3dca6c9936d0dc62d18007f6baa,rs_68cfe879519081978db5844b2c8444af0dc62d18007f6baa,"**Evaluating research paper**

I'm focusing on producing an assessment JSON with percentile ratings for a paper that surveys expert opinions on AGI safety practices. I need to evaluate it based on various metric categories: overall quality, claims versus evidence, methods used, potential for advancing knowledge, logic and communication clarity, and its global relevance. 

The paper surveyed 51 out of 92 invited experts, which is a moderate sample size. The methods used are sound but show some limitations. I'll develop concise rationales to explain the chosen ratings and summarize the findings.",37486,851,384,o3
Trammel and Aschenbrenner 2025,resp_68cfe933cbb0819ca170a9d610bc0c200844a0d3f27ca66f,rs_68cfe93cfa98819cbd441fcc2ba806110844a0d3f27ca66f,"**Calculating averages and intervals**

I’m aiming for an overall average around 69, but I think I might adjust it a bit. I want to craft intervals for clarity, outlining an overall midpoint of 70, with a lower bound of 60 and an upper bound of 80. There’s a rationale behind these figures, so I’ll summarize that clearly. Alright, time to put this into a structured format, like JSON, for better organization.",34173,621,256,o3
Walker et al. 2023,resp_68cfe9836830819f870279e2210385c501d9e5c98b9b8d8b,rs_68cfe987f440819f8557d90c9bebf75e01d9e5c98b9b8d8b,,35287,748,320,o3
Williams et al. 2024,resp_68cfe9cf8f288192b8016cc3ed5735af01dfbf2baad092e5,rs_68cfe9e1a9e88192b29daf42c7cb901601dfbf2baad092e5,"**Evaluating a Nature Article**

I need to assess the Nature article titled ""Global potential for natural regeneration in deforested tropical regions."" I'll provide metrics like overall quality, evidence for claims, methods used, contribution to knowledge, logical communication, and relevance. Comparing its midpoint percentiles to a reference group of serious research from the last three years will help inform this. The article showcases high quality due to its robust modeling and accessible methodologies, making it relevant for climate mitigation and biodiversity. It's clearly written, aiding in effective communication of its findings.",22209,671,256,o3
Xing et al. 2023,resp_68cfea2dd3688190a03cd40637ca890008efbd04adcac25e,rs_68cfea3334d481908db3ae60f3d93ce408efbd04adcac25e,,34775,660,256,o3
