paper,metric,metric_type,value,lo,hi,scale_min,scale_max
Schuett et al. 2023,overall,percentile,70.0,70.0,70.0,0,100
Schuett et al. 2023,claims_evidence,percentile,65.0,65.0,65.0,0,100
Schuett et al. 2023,methods,percentile,60.0,60.0,60.0,0,100
Schuett et al. 2023,advancing_knowledge,percentile,75.0,75.0,75.0,0,100
Schuett et al. 2023,logic_communication,percentile,80.0,80.0,80.0,0,100
Schuett et al. 2023,open_science,percentile,80.0,80.0,80.0,0,100
Schuett et al. 2023,global_relevance,percentile,85.0,85.0,85.0,0,100
Schuett et al. 2023,tier_should,tier,3.4,3.4,3.4,0,5
Schuett et al. 2023,tier_will,tier,3.2,3.2,3.2,0,5
