match_id,confidence,after_title,after_authors,after_file,before_file,before_path,score,confirmed
1,MEDIUM,Cash Transfers for Child Development: Experimental Evidence from India,"Jeffrey Weaver,Sandip Sukhtankar,Paul Niehaus &Karthik Muralidharan ",Jeffrey WeaverSandip SukhtankarPaul Niehaus Karthik Muralidharan_Cash Transfers for Child Development- Experimental Evidence from India.pdf,Weaver et al. 2025.pdf,more papers/Weaver et al. 2025.pdf,0.6162790697674418,YES
2,MEDIUM,Artificial Intelligence and Economic Growth,"Philippe Aghion, Benjamin F. Jones,Charles I. Jones",Philippe Aghion Benjamin F JonesCharles I Jones_Artificial Intelligence and Economic Growth.pdf,Aghion et al. 2017.pdf,more papers/Aghion et al. 2017.pdf,0.5833333333333334,YES
3,MEDIUM,Advance Market Commitments: Insights from Theory and Experience,"Michael Kremer,Jonathan D. Levin,Christopher M. Snyder",Michael KremerJonathan D LevinChristopher M Snyder_Advance Market Commitments- Insights from Theory and Experience.pdf,Kremer et al. 2020.pdf,more papers/Kremer et al. 2020.pdf,0.5759493670886076,YES
4,MEDIUM,The Comparative Impact of Cash Transfers and a Psychotherapy Program on Psychological and Economic Well-being,"Johannes Haushofer,Robert Mudida,Jeremy P. Shapiro",Johannes HaushoferRobert MudidaJeremy P Shapiro_The Comparative Impact of Cash Transfers and a Psychotherapy Program on Psychological and Economic W.pdf,Haushofer et al. 2020.pdf,more papers/Haushofer et al. 2020.pdf,0.59375,YES
5,MEDIUM,Long term cost-effectiveness of resilient foods for global catastrophes compared to artificial general intelligence safety,"David Denkenberger,Anders Sandberg,Ross John Tieman,Joshua M. Pearce",David DenkenbergerAnders SandbergRoss John TiemanJoshua M Pearce_Long term cost-effectiveness of resilient foods for global catastrophes compared to artificial gener.pdf,Denkenberger et al. 2022.pdf,more papers/Denkenberger et al. 2022.pdf,0.5694444444444444,YES
6,MEDIUM,Banning wildlife trade can boost demand for unregulated threatened species,"Takahiro Kubo,Taro Mieno,Shinya Uryu,Saeko Terada,Diogo Veríssimo",Takahiro KuboTaro MienoShinya UryuSaeko TeradaDiogo Veríssimo_Banning wildlife trade can boost demand for unregulated threatened species.pdf,Kubo et al. 2023.pdf,more papers/Kubo et al. 2023.pdf,0.5674157303370786,YES
7,MEDIUM,The Governance Of Non-Profits And Their Social Impact: Evidence From A Randomized Program In Healthcare In DRC,"Anicet Fangwa,Caroline Flammer,Marieke Huysentruyt,Bertrand Quelin",Anicet FangwaCaroline FlammerMarieke HuysentruytBertrand Quelin_The Governance Of Non-Profits And Their Social Impact- Evidence From A Randomized Program In Healthc.pdf,Fangwa et al. 2023.pdf,more papers/Fangwa et al. 2023.pdf,0.556,YES
8,MEDIUM,Does the Squeaky Wheel Get More Grease? The Direct and Indirect Effects of Citizen Participation on Environmental Governance in China,"Mark Buntaine,Michael Greenstone,Guojun He,Mengdi Liu,Shaoda Wang,Bing Zhang",Mark BuntaineMichael GreenstoneGuojun HeMengdi LiuShaoda WangBing Zhang_Does the Squeaky Wheel Get More Grease The Direct and Indirect Effects of Citizen Participation on E.pdf,Buntaine et al. 2023.pdf,more papers/Buntaine et al. 2023.pdf,0.5596026490066225,YES
9,MEDIUM,When Celebrities Speak: A Nationwide Twitter Experiment Promoting Vaccination In Indonesia,"Vivi Alatas,Arun G. Chandrasekhar,Markus Mobius,Benjamin A. Olken,Cindy Paladines",Vivi AlatasArun G ChandrasekharMarkus MobiusBenjamin A OlkenCindy Paladines_When Celebrities Speak- A Nationwide Twitter Experiment Promoting Vaccination In Indonesia.pdf,Alatas et al. 2019.pdf,more papers/Alatas et al. 2019.pdf,0.5754716981132075,YES
10,MEDIUM,Money (Not) to Burn: Payments for Ecosystem Services to Reduce Crop Residue Burning,"B. Kelsey Jack,Seema Jayachandran,Namrata Kala,Rohini Pande",B Kelsey JackSeema JayachandranNamrata KalaRohini Pande_Money Not to Burn- Payments for Ecosystem Services to Reduce Crop Residue Burning.pdf,Jack et al. 2022.pdf,more papers/Jack et al. 2022.pdf,0.5421052631578948,YES
11,MEDIUM,The Benefits and Costs of Guest Worker Programs: Experimental Evidence From the India-UAE Migration Corridor,"Suresh Naidu,Yaw Nyarko,Shing-Yi Wang",Suresh NaiduYaw NyarkoShing-Yi Wang_The Benefits and Costs of Guest Worker Programs- Experimental Evidence From the India-UAE Migration .pdf,Naidu et al. 2023.pdf,more papers/Naidu et al. 2023.pdf,0.5491803278688525,YES
12,MEDIUM,Universal Basic Income: Short-Term Results from a Long-Term Experiment in Kenya,"Abhijit Banerjee,Michael Faye,Alan Krueger,Paul Niehaus,Tavneet Suri",Abhijit BanerjeeMichael FayeAlan KruegerPaul NiehausTavneet Suri_Universal Basic Income- Short-Term Results from a Long-Term Experiment in Kenya.pdf,Banerjee et al. 2022.pdf,more papers/Banerjee et al. 2022.pdf,0.5631578947368421,YES
13,MEDIUM,"The Long-Run Effects of Psychotherapy on Depression, Beliefs, and Economic Outcomes","Bhargav Bhat,Jonathan de Quidt,Johannes Haushofer,Vikram Patel,Gautam Rao, Frank Schilbach,Pierre-Luc Vautrey",Bhargav BhatJonathan de QuidtJohannes HaushoferVikram PatelGautam Rao Frank SchilbachPierre-Luc Vaut_The Long-Run Effects of Psychotherapy on Depression Beliefs and Economic Outcomes.pdf,Bhat et al. 2022.pdf,more papers/Bhat et al. 2022.pdf,0.65,YES
14,MEDIUM,Legalizing Entrepreneurship,"Dany Bahar,Bo Cowgill,Jorge Guzman",Dany BaharBo CowgillJorge Guzman_Legalizing Entrepreneurship.pdf,Bahar et al. 2022.pdf,more papers/Bahar et al. 2022.pdf,0.5930232558139534,YES
15,MEDIUM,How Much Would Reducing Lead Exposure Improve Children’s Learning in the Developing World?,"Lee Crawfurd,Rory Todd,Susannah Hares,Justin Sandefur,Rachel Silverman Bonnifield",Lee CrawfurdRory ToddSusannah HaresJustin SandefurRachel Silverman Bonnifield_How Much Would Reducing Lead Exposure Improve Childrens Learning in the Developing World.pdf,Crawfurd et al. 2023.pdf,more papers/Crawfurd et al. 2023.pdf,0.5747663551401869,YES
16,MEDIUM,Economic vs. Epidemiological Approaches to Measuring the Human Capital Impacts of Infectious Disease Elimination,"Caroline Chuard,Hannes Schwandt,Alexander D. Becker,Masahiko Haraguchi",Caroline ChuardHannes SchwandtAlexander D BeckerMasahiko Haraguchi_Economic vs Epidemiological Approaches to Measuring the Human Capital Impacts of Infectious Disease .pdf,Chuard et al. 2022.pdf,more papers/Chuard et al. 2022.pdf,0.546875,YES
17,MEDIUM,Does Conservation Work in General Equilibrium?,"Verónica Salazar Restrepo,Gabriel Leite Mariante",Verónica Salazar RestrepoGabriel Leite Mariante_Does Conservation Work in General Equilibrium.pdf,Salazar and Restrepo 2024.pdf,more papers/Salazar and Restrepo 2024.pdf,0.5571428571428572,YES
18,MEDIUM,Selecting the Most Effective Nudge: Evidence from a Large-Scale Experiment on Immunization,"Banerjee, Abhijit ,Duflo, Esther,Arun G. Chandrasekhar,John Floretta,Harini Kannan,Francine Loza,Anirudh Sankar,Anna Schrimpf,Maheshwor Shrestha",Banerjee Abhijit Duflo EstherArun G ChandrasekharJohn FlorettaHarini KannanFrancine LozaAnirudh Sank_Selecting the Most Effective Nudge- Evidence from a Large-Scale Experiment on Immunization.pdf,Banerjee et al. 2022.pdf,more papers/Banerjee et al. 2022.pdf,0.5747663551401869,YES
19,MEDIUM,Water Treatment and Child Mortality: A Meta-analysis and Cost-effectiveness Analysis,"Michael Kremer,Stephen P. Luby,Ricardo Maertens,Brandon Tan,Witold Więcek",Michael KremerStephen P LubyRicardo MaertensBrandon TanWitold Więcek_Water Treatment and Child Mortality- A Meta-analysis and Cost-effectiveness Analysis.pdf,Kremer et al. 2022.pdf,more papers/Kremer et al. 2022.pdf,0.62,YES
20,MEDIUM,"Zero-Sum Thinking, the Evolution of Effort-Suppressing Beliefs, and Economic Development","Augustin Bergeron,Jean-Paul Carvalho,Joseph Henrich,Nathan Nunn,Jonathan L. Weigel",Augustin BergeronJean-Paul CarvalhoJoseph HenrichNathan NunnJonathan L Weigel_Zero-Sum Thinking the Evolution of Effort-Suppressing Beliefs and Economic Development.pdf,Bergeron et al. 2024.pdf,more papers/Bergeron et al. 2024.pdf,0.5970873786407767,YES
21,MEDIUM,Building Resilient Education Systems: Evidence from Large-Scale Randomized Trials in Five Countries,"Noam Angrist,Micheal Ainomugisha,Sai Pramod Bathena,Peter Bergman,Colin Crossley,Claire Cullen,Thato Letsomo,Moitshepi Matsheng,Rene Marlon Panti,Shwetlena Sabarwal,Tim Sullivan",Noam AngristMicheal AinomugishaSai Pramod BathenaPeter BergmanColin CrossleyClaire CullenThato Letso_Building Resilient Education Systems- Evidence from Large-Scale Randomized Trials in Five Countries.pdf,Angrist et al. 2023.pdf,more papers/Angrist et al. 2023.pdf,0.6043478260869565,YES
22,MEDIUM,The Macroeconomic Impact of Climate Change: Global vs. Local Temperature ,"Adrien Bilal,Diego R. Känzig",Adrien BilalDiego R Känzig_The Macroeconomic Impact of Climate Change- Global vs Local Temperature.pdf,Bilal and Kaenzig 2024.pdf,more papers/Bilal and Kaenzig 2024.pdf,0.5869565217391304,YES
23,MEDIUM,Urban Forests: Environmental Health Values and Risks,"Jianwei Xing,Zhiren Hu,Fan Xia,Jintao Xu,Eric Zou",Jianwei XingZhiren HuFan XiaJintao XuEric Zou_Urban Forests- Environmental Health Values and Risks.pdf,Xing et al. 2023.pdf,more papers/Xing et al. 2023.pdf,0.6060606060606061,YES
24,MEDIUM,Stagnation and Scientific Incentives,"Jay Bhattacharya,Mikko Packalen",Jay BhattacharyaMikko Packalen_Stagnation and Scientific Incentives.pdf,Bhattacharya and Packalen 2020.pdf,more papers/Bhattacharya and Packalen 2020.pdf,0.6818181818181819,YES
25,MEDIUM,Adaptability and the Pivot Penalty in Science,"Ryan Hill,Yian Yin,Carolyn Stein,Dashun Wang,Benjamin F. Jones",Ryan HillYian YinCarolyn SteinDashun WangBenjamin F Jones_Adaptability and the Pivot Penalty in Science.pdf,Hill et al. 2024.pdf,more papers/Hill et al. 2024.pdf,0.6,YES
26,MEDIUM,"A Welfare Analysis of Policies
Impacting Climate Change","Robert W. Hahn,Nathaniel Hendren,Robert D. Metcalfe,Ben Sprung-Keyser",Robert W HahnNathaniel HendrenRobert D MetcalfeBen Sprung-Keyser_A Welfare Analysis of PoliciesImpacting Climate Change.pdf,Hahn et al. 2025.pdf,more papers/Hahn et al. 2025.pdf,0.6,YES
27,MEDIUM,Choose Your Moments: [NIH] Peer Review and Scientific Risk Taking,"Richard T. Carson,Joshua S. Graff Zivin,Jeffrey G. Shrader",Richard T CarsonJoshua S Graff ZivinJeffrey G Shrader_Choose Your Moments- NIH Peer Review and Scientific Risk Taking.pdf,Carson et al. 2023.pdf,more papers/Carson et al. 2023.pdf,0.5886075949367089,YES
28,MEDIUM,Towards best practices in AGI safety and governance,"Jonas Schuett,Noemi Dreksler,Markus Anderljung,David McCaffary,Lennart Heim,Emma Bluemke,Ben Garfinkel",Jonas SchuettNoemi DrekslerMarkus AnderljungDavid McCaffaryLennart HeimEmma BluemkeBen Garfinkel_Towards best practices in AGI safety and governance.pdf,Schuett et al. 2023.pdf,papers/Schuett et al. 2023.pdf,0.6014492753623188,YES
29,MEDIUM,The Effect of Public Science on Corporate R&D,"Ashish Arora,Sharon Belenzon,Larisa C. Cioaca,Lia Sheer,Hansen Zhang",Ashish AroraSharon BelenzonLarisa C CioacaLia SheerHansen Zhang_The Effect of Public Science on Corporate RD.pdf,Arora et al. 2023.pdf,more papers/Arora et al. 2023.pdf,0.6,YES
30,MEDIUM,Pharmaceutical Pricing and R&D as a Global Public Good,"H. E. Frech,Mark V. Pauly,William S. Comanor ,Joseph R. Martinez",H E FrechMark V PaulyWilliam S Comanor Joseph R Martinez_Pharmaceutical Pricing and RD as a Global Public Good.pdf,Frech et al. 2023.pdf,more papers/Frech et al. 2023.pdf,0.5869565217391304,YES
31,MEDIUM,Population ethical intuitions.,"Lucius Caviola,David Althaus,Andreas L. Mogensen,Geoffrey P. Goodwin",Lucius CaviolaDavid AlthausAndreas L MogensenGeoffrey P Goodwin_Population ethical intuitions.pdf,Caviola et al. 2022.pdf,more papers/Caviola et al. 2022.pdf,0.6914893617021276,YES
32,MEDIUM,Asymmetry in Civic Information: An Experiment on Tax Participation among Informal Firms in Togo,"Moussa P. Blimpo,Paul Castañeda Dower",Moussa P BlimpoPaul Castañeda Dower_Asymmetry in Civic Information- An Experiment on Tax Participation among Informal Firms in Togo.pdf,Blimpo and Castaneda-Dower 2025.pdf,more papers/Blimpo and Castaneda-Dower 2025.pdf,0.5806451612903226,YES
33,MEDIUM,Misperceptions and Demand for Democracy under Authoritarianism,"Daron Acemoglu,Cevat Giray Aksoy,Ceren Baysan,Carlos Molina,Gamze Zeki",Daron AcemogluCevat Giray AksoyCeren BaysanCarlos MolinaGamze Zeki_Misperceptions and Demand for Democracy under Authoritarianism.pdf,Acemoglu et al. 2024.pdf,more papers/Acemoglu et al. 2024.pdf,0.5987654320987654,YES
34,MEDIUM,Meaningfully reducing consumption of meat and animal products is an unsolved problem: A meta-analysis,"Seth Ariel Green,Austin Benny Smith,Maya Mathur",Seth Ariel GreenAustin Benny SmithMaya Mathur_Meaningfully reducing consumption of meat and animal products is an unsolved problem- A meta-analysi.pdf,Green et al. 2025.pdf,more papers/Green et al. 2025.pdf,0.5956521739130435,YES
